John Brodie,1970,2941,24,10,0
John Brodie,1971,2642,18,24,0
John Brodie,1973,1126,3,12,0
Fran Tarkenton,1970,2777,19,12,0
Fran Tarkenton,1971,2567,11,21,0
Fran Tarkenton,1972,2651,18,13,0
Fran Tarkenton,1973,2113,15,7,0
Fran Tarkenton,1974,2598,17,12,0
Fran Tarkenton,1975,2994,25,13,0
Fran Tarkenton,1976,2961,17,8,0
Fran Tarkenton,1977,1734,9,14,0
Fran Tarkenton,1978,3468,25,32,0
Jim Hart,1970,2575,14,18,0
Jim Hart,1971,1626,8,14,0
Jim Hart,1973,2223,15,10,0
Jim Hart,1974,2411,20,8,0
Jim Hart,1975,2507,19,19,0
Jim Hart,1976,2946,18,13,0
Jim Hart,1977,2542,13,20,0
Jim Hart,1978,3121,16,18,0
Jim Hart,1979,2218,9,20,0
Jim Hart,1980,2946,16,20,0
Roman Gabriel,1970,2552,16,12,0
Roman Gabriel,1971,2238,17,10,0
Roman Gabriel,1972,2027,12,15,0
Roman Gabriel,1973,3219,23,12,0
Roman Gabriel,1974,1867,9,12,0
Roman Gabriel,1975,1644,13,11,0
Daryle Lamonica,1970,2516,22,15,0
Daryle Lamonica,1971,1717,16,16,0
Daryle Lamonica,1972,1998,18,12,0
Dennis Shaw,1970,2507,10,20,0
Dennis Shaw,1971,1813,11,26,0
Dennis Shaw,1972,1666,14,17,0
John Hadl,1970,2388,22,15,0
John Hadl,1971,3075,21,25,0
John Hadl,1972,2449,15,26,0
John Hadl,1973,2008,22,11,0
John Hadl,1974,1752,8,14,0
John Hadl,1975,2095,6,21,0
Sonny Jurgensen,1970,2354,23,10,0
Norm Snead,1970,2323,15,20,0
Norm Snead,1972,2307,17,12,0
Norm Snead,1973,1483,7,22,0
Norm Snead,1975,1337,9,10,0
Johnny Unitas,1970,2213,14,18,0
Bill Nelsen,1970,2156,16,16,0
Bill Nelsen,1971,2319,13,23,0
Jack Concannon,1970,2130,16,18,0
Bob Griese,1970,2019,12,17,0
Bob Griese,1971,2089,19,9,0
Bob Griese,1973,1422,17,8,0
Bob Griese,1974,1968,16,15,0
Bob Griese,1975,1693,14,13,0
Bob Griese,1976,2097,11,12,0
Bob Griese,1977,2252,22,13,0
Bob Griese,1978,1791,11,11,0
Bob Griese,1979,2160,14,16,0
Len Dawson,1970,1876,13,14,0
Len Dawson,1971,2504,15,13,0
Len Dawson,1972,1835,13,12,0
Len Dawson,1974,1573,7,13,0
Craig Morton,1970,1819,15,7,0
Craig Morton,1971,1131,7,8,0
Craig Morton,1972,2396,15,21,0
Craig Morton,1974,1522,9,13,0
Craig Morton,1975,2359,11,16,0
Craig Morton,1976,1865,9,20,0
Craig Morton,1977,1929,14,8,0
Craig Morton,1978,1802,11,8,0
Craig Morton,1979,2626,16,19,0
Craig Morton,1980,2150,12,13,0
Craig Morton,1981,3195,21,14,0
Bob Berry,1970,1806,16,13,0
Bob Berry,1971,2005,11,16,0
Bob Berry,1972,2158,13,12,0
Gary Cuozzo,1970,1720,7,10,0
Charley Johnson,1970,1652,7,12,0
Charley Johnson,1972,1783,14,14,0
Charley Johnson,1973,2465,20,17,0
Charley Johnson,1974,1969,13,9,0
Virgil Carter,1970,1647,9,9,0
Virgil Carter,1971,1624,10,7,0
Bart Starr,1970,1645,8,13,0
Billy Kilmer,1970,1557,6,17,0
Billy Kilmer,1971,2221,13,13,0
Billy Kilmer,1972,1648,19,11,0
Billy Kilmer,1973,1656,14,9,0
Billy Kilmer,1974,1632,10,6,0
Billy Kilmer,1975,2440,23,16,0
Billy Kilmer,1976,1252,12,10,0
Terry Bradshaw,1970,1410,6,24,0
Terry Bradshaw,1971,2259,13,22,0
Terry Bradshaw,1972,1887,12,12,0
Terry Bradshaw,1973,1183,10,15,0
Terry Bradshaw,1975,2055,18,9,0
Terry Bradshaw,1976,1177,10,9,0
Terry Bradshaw,1977,2523,17,19,0
Terry Bradshaw,1978,2915,28,20,0
Terry Bradshaw,1979,3724,26,25,0
Terry Bradshaw,1980,3339,24,22,0
Terry Bradshaw,1981,2887,22,14,0
Terry Bradshaw,1982,1768,17,11,0
Pete Liske,1970,1340,7,11,0
Pete Liske,1971,1957,11,15,0
Al Woodall,1970,1265,9,9,0
Al Woodall,1973,1228,9,8,0
Joe Namath,1970,1259,5,12,0
Joe Namath,1972,2816,19,21,0
Joe Namath,1973,966,5,6,0
Joe Namath,1974,2616,20,22,0
Joe Namath,1975,2286,15,28,0
Greg Landry,1971,2237,16,13,0
Greg Landry,1972,2066,18,17,0
Greg Landry,1976,2191,17,8,0
Greg Landry,1977,1359,6,7,0
Greg Landry,1979,2932,15,15,0
Jim Plunkett,1971,2158,19,16,0
Jim Plunkett,1972,2196,8,25,0
Jim Plunkett,1973,2550,13,17,0
Jim Plunkett,1974,2457,19,22,0
Jim Plunkett,1976,1592,13,16,0
Jim Plunkett,1977,1693,9,14,0
Jim Plunkett,1980,2299,18,16,0
Jim Plunkett,1982,2035,14,15,0
Jim Plunkett,1983,2935,20,18,0
Jim Plunkett,1986,1986,14,9,0
Roger Staubach,1971,1882,15,4,0
Roger Staubach,1973,2428,23,15,0
Roger Staubach,1974,2552,11,15,0
Roger Staubach,1975,2666,17,16,0
Roger Staubach,1976,2715,14,11,0
Roger Staubach,1977,2620,18,9,0
Roger Staubach,1978,3190,25,16,0
Roger Staubach,1979,3586,27,11,0
Dan Pastorini,1971,1702,7,21,0
Dan Pastorini,1972,1711,7,12,0
Dan Pastorini,1973,1482,5,17,0
Dan Pastorini,1974,1571,10,10,0
Dan Pastorini,1975,2053,14,16,0
Dan Pastorini,1976,1795,10,10,0
Dan Pastorini,1977,1987,13,18,0
Dan Pastorini,1978,2473,16,17,0
Dan Pastorini,1979,2090,14,18,0
Scott Hunter,1971,1210,7,17,0
Scott Hunter,1972,1252,6,9,0
Earl Morrall,1971,1210,7,12,0
Earl Morrall,1972,1360,11,7,0
Edd Hargett,1971,1191,6,5,0
Bobby Douglass,1971,1164,5,15,0
Bobby Douglass,1972,1246,9,12,0
Bobby Douglass,1973,1057,5,7,0
Bobby Douglass,1976,1288,4,8,0
Archie Manning,1971,1164,6,9,0
Archie Manning,1972,2781,18,21,0
Archie Manning,1973,1642,10,12,0
Archie Manning,1974,1429,6,16,0
Archie Manning,1975,1683,7,20,0
Archie Manning,1977,1284,8,9,0
Archie Manning,1978,3416,17,16,0
Archie Manning,1979,3169,15,20,0
Archie Manning,1980,3716,23,20,0
Mike Phipps,1972,1994,13,16,0
Mike Phipps,1973,1719,9,20,0
Mike Phipps,1974,1384,9,17,0
Mike Phipps,1975,1749,4,19,0
Steve Spurrier,1972,1983,18,16,0
Steve Spurrier,1976,1628,7,12,0
Ken Anderson,1972,1918,7,7,0
Ken Anderson,1973,2428,18,12,0
Ken Anderson,1974,2667,18,10,0
Ken Anderson,1975,3169,21,11,0
Ken Anderson,1976,2367,19,14,0
Ken Anderson,1977,2145,11,11,0
Ken Anderson,1978,2219,10,22,0
Ken Anderson,1979,2340,16,10,0
Ken Anderson,1981,3754,29,10,0
Ken Anderson,1982,2495,12,9,0
Ken Anderson,1983,2333,12,13,0
Ken Anderson,1984,2107,10,12,0
John Reaves,1972,1508,7,12,0
Marty Domres,1972,1392,11,6,0
Marty Domres,1973,1153,9,13,0
Ken Stabler,1973,1997,14,10,0
Ken Stabler,1974,2469,26,12,0
Ken Stabler,1975,2296,16,24,0
Ken Stabler,1976,2737,27,17,0
Ken Stabler,1977,2176,20,20,0
Ken Stabler,1978,2944,16,30,0
Ken Stabler,1979,3615,26,22,0
Ken Stabler,1980,3202,13,28,0
Ken Stabler,1981,1988,14,18,0
Ken Stabler,1982,1343,6,10,0
Bob Lee,1973,1786,10,8,0
Randy Johnson,1973,1279,7,8,0
Bill Munson,1973,1129,9,8,0
Bill Munson,1974,1874,8,7,0
Dan Fouts,1973,1126,6,13,0
Dan Fouts,1974,1732,8,13,0
Dan Fouts,1975,1396,2,10,0
Dan Fouts,1976,2535,14,15,0
Dan Fouts,1978,2999,24,20,0
Dan Fouts,1979,4082,24,24,0
Dan Fouts,1980,4715,30,24,0
Dan Fouts,1981,4802,33,17,0
Dan Fouts,1982,2883,17,11,0
Dan Fouts,1983,2975,20,15,0
Dan Fouts,1984,3740,19,17,0
Dan Fouts,1985,3638,27,20,0
Dan Fouts,1986,3031,16,22,0
Dan Fouts,1987,2517,10,15,0
Gary Huff,1974,1663,6,17,0
Bert Jones,1974,1610,8,12,0
Bert Jones,1975,2483,18,8,0
Bert Jones,1976,3104,24,9,0
Bert Jones,1977,2686,17,11,0
Bert Jones,1980,3134,23,21,0
Bert Jones,1981,3094,21,20,0
Joe Ferguson,1974,1588,12,12,0
Joe Ferguson,1975,2426,25,17,0
Joe Ferguson,1977,2803,12,24,0
Joe Ferguson,1978,2136,16,15,0
Joe Ferguson,1979,3572,14,15,0
Joe Ferguson,1980,2805,20,18,0
Joe Ferguson,1981,3652,24,20,0
Joe Ferguson,1982,1597,7,16,0
Joe Ferguson,1983,2995,26,25,0
Joe Ferguson,1984,1991,12,17,0
James Harris,1974,1544,11,6,0
James Harris,1975,2148,14,15,0
James Harris,1976,1460,8,6,0
James Harris,1977,1240,5,11,0
Tom Owen,1974,1327,10,15,0
Joe Gilliam,1974,1274,4,8,0
Steve Grogan,1975,1976,11,18,0
Steve Grogan,1976,1903,18,20,0
Steve Grogan,1977,2162,17,21,0
Steve Grogan,1978,2824,15,23,0
Steve Grogan,1979,3286,28,20,0
Steve Grogan,1980,2475,18,22,0
Steve Grogan,1981,1859,7,16,0
Steve Grogan,1983,2411,15,12,0
Steve Bartkowski,1975,1662,13,15,0
Steve Bartkowski,1978,2489,10,18,0
Steve Bartkowski,1979,2505,17,20,0
Steve Bartkowski,1980,3544,31,16,0
Steve Bartkowski,1981,3829,30,23,0
Steve Bartkowski,1982,1905,8,11,0
Steve Bartkowski,1983,3167,22,5,0
Steve Bartkowski,1984,2158,11,10,0
Steve Ramsey,1975,1562,9,14,0
Steve Ramsey,1976,1931,11,13,0
Mike Livingston,1975,1245,8,6,0
Mike Livingston,1976,2682,12,13,0
Mike Livingston,1977,1823,9,15,0
Joe Reed,1975,1181,9,10,0
Jim Zorn,1976,2571,12,27,0
Jim Zorn,1977,1687,16,19,0
Jim Zorn,1978,3283,15,20,0
Jim Zorn,1979,3661,20,18,0
Jim Zorn,1980,3346,17,20,0
Jim Zorn,1981,2788,13,9,0
Jim Zorn,1982,1540,7,11,0
Brian Sipe,1976,2113,17,14,0
Brian Sipe,1977,1233,9,14,0
Brian Sipe,1978,2906,21,15,0
Brian Sipe,1979,3793,28,26,0
Brian Sipe,1980,4132,30,14,0
Brian Sipe,1981,3876,17,25,0
Brian Sipe,1983,3566,26,23,0
Bob Avellini,1976,1580,8,15,0
Bob Avellini,1977,2004,11,18,0
Bob Avellini,1978,1718,5,16,0
Lynn Dickey,1976,1465,7,14,0
Lynn Dickey,1977,1346,5,14,0
Lynn Dickey,1980,3529,15,25,0
Lynn Dickey,1981,2593,17,15,0
Lynn Dickey,1982,1790,12,14,0
Lynn Dickey,1983,4458,32,29,0
Lynn Dickey,1984,3195,25,19,0
Lynn Dickey,1985,2206,15,17,0
Mike Boryla,1976,1247,9,14,0
Ron Jaworski,1977,2183,18,21,0
Ron Jaworski,1978,2487,16,16,0
Ron Jaworski,1979,2669,18,12,0
Ron Jaworski,1980,3529,27,12,0
Ron Jaworski,1981,3095,23,20,0
Ron Jaworski,1982,2076,12,12,0
Ron Jaworski,1983,3315,20,18,0
Ron Jaworski,1984,2754,16,14,0
Ron Jaworski,1985,3450,17,20,0
Richard Todd,1977,1863,11,17,0
Richard Todd,1979,2660,16,22,0
Richard Todd,1980,3329,17,30,0
Richard Todd,1981,3231,25,13,0
Richard Todd,1982,1961,14,8,0
Richard Todd,1983,3478,18,26,0
Richard Todd,1984,2178,11,19,0
Pat Haden,1977,1551,11,6,0
Pat Haden,1978,2995,13,19,0
Pat Haden,1979,1854,11,14,0
Joe Pisarcik,1977,1346,4,14,0
Joe Pisarcik,1978,2096,12,23,0
Joe Theismann,1978,2593,13,18,0
Joe Theismann,1979,2797,20,13,0
Joe Theismann,1980,2962,17,16,0
Joe Theismann,1981,3568,19,20,0
Joe Theismann,1982,2033,13,9,0
Joe Theismann,1983,3714,29,11,0
Joe Theismann,1984,3391,24,13,0
Joe Theismann,1985,1774,8,16,0
Gary Danielson,1978,2294,18,17,0
Gary Danielson,1980,3223,13,11,0
Gary Danielson,1982,1343,10,14,0
Gary Danielson,1984,3076,17,15,0
David Whitehurst,1978,2093,10,17,0
David Whitehurst,1979,2247,10,18,0
Matt Robinson,1978,2002,13,16,0
Bill Troup,1978,1882,10,21,0
Steve DeBerg,1979,3652,17,21,0
Steve DeBerg,1982,1405,7,11,0
Steve DeBerg,1984,3554,19,18,0
Steve DeBerg,1985,2488,19,18,0
Steve DeBerg,1987,1891,14,7,0
Steve DeBerg,1988,2935,16,16,0
Steve DeBerg,1989,2529,11,16,0
Steve DeBerg,1990,3444,23,4,0
Steve DeBerg,1991,2965,17,14,0
Tommy Kramer,1979,3397,23,24,0
Tommy Kramer,1980,3582,19,23,0
Tommy Kramer,1981,3912,26,24,0
Tommy Kramer,1982,2037,15,12,0
Tommy Kramer,1985,3522,19,26,0
Tommy Kramer,1986,3000,24,10,0
Doug Williams,1979,2448,18,24,0
Doug Williams,1980,3396,20,16,0
Doug Williams,1981,3563,19,14,0
Doug Williams,1982,2071,9,11,0
Doug Williams,1988,2609,15,12,0
Jeff Komlo,1979,2238,11,23,0
Danny White,1980,3287,28,25,0
Danny White,1981,3098,22,13,0
Danny White,1982,2079,16,12,0
Danny White,1983,3980,29,23,0
Danny White,1985,3157,21,17,0
Danny White,1987,2617,12,17,0
Vince Ferragamo,1980,3199,30,19,0
Vince Ferragamo,1982,1609,9,9,0
Vince Ferragamo,1983,3276,22,23,0
Phil Simms,1980,2321,15,19,0
Phil Simms,1981,2031,11,9,0
Phil Simms,1984,4044,22,18,0
Phil Simms,1985,3829,22,20,0
Phil Simms,1986,3487,21,22,0
Phil Simms,1987,2230,17,9,0
Phil Simms,1988,3359,21,11,0
Phil Simms,1989,3061,14,14,0
Phil Simms,1990,2284,15,4,0
Phil Simms,1993,3038,15,9,0
Steve Fuller,1980,2250,10,12,0
Vince Evans,1980,2039,11,16,0
Vince Evans,1981,2354,11,20,0
Joe Montana,1981,3565,19,12,0
Joe Montana,1982,2613,17,11,0
Joe Montana,1983,3910,26,12,0
Joe Montana,1984,3630,28,10,0
Joe Montana,1985,3653,27,13,0
Joe Montana,1986,2236,8,9,0
Joe Montana,1987,3054,31,13,0
Joe Montana,1988,2981,18,10,0
Joe Montana,1989,3521,26,8,0
Joe Montana,1990,3944,26,16,0
Joe Montana,1993,2144,13,7,0
Joe Montana,1994,3283,16,9,0
David Woodley,1981,2470,12,13,0
David Woodley,1982,1080,5,8,0
Eric Hipple,1981,2358,14,15,0
Eric Hipple,1983,2577,12,18,0
Eric Hipple,1985,2952,17,18,0
Eric Hipple,1986,1919,9,11,0
Marc Wilson,1981,2311,14,19,0
Marc Wilson,1984,2151,15,17,0
Marc Wilson,1985,2608,16,21,0
Marc Wilson,1987,2070,12,8,0
Bill Kenney,1981,1983,9,16,0
Bill Kenney,1982,1192,7,6,0
Bill Kenney,1983,4348,24,18,0
Bill Kenney,1984,2098,15,10,0
Bill Kenney,1985,2536,17,9,0
Bill Kenney,1986,1922,13,11,0
Bill Kenney,1987,2107,15,9,0
Scott Brunner,1982,2017,10,9,0
Scott Brunner,1983,2516,9,22,0
Jim McMahon,1982,1501,9,7,0
Jim McMahon,1983,2184,12,13,0
Jim McMahon,1985,2392,15,11,0
Jim McMahon,1987,1639,12,8,0
Jim McMahon,1989,2132,10,10,0
Jim McMahon,1991,2239,12,11,0
Jim McMahon,1993,1968,9,8,0
Neil Lomax,1982,1367,5,6,0
Neil Lomax,1983,2636,24,11,0
Neil Lomax,1984,4614,28,16,0
Neil Lomax,1985,3214,18,12,0
Neil Lomax,1986,2583,13,12,0
Neil Lomax,1987,3387,24,12,0
Neil Lomax,1988,3395,20,11,0
Mike Pagel,1982,1281,5,7,0
Mike Pagel,1983,2353,12,17,0
Mike Pagel,1985,2414,14,15,0
Jack Thompson,1983,2906,18,21,0
Steve Dils,1983,2840,11,16,0
Cliff Stoudt,1983,2553,12,21,0
Dan Marino,1983,2210,20,6,0
Dan Marino,1984,5084,48,17,0
Dan Marino,1985,4137,30,21,0
Dan Marino,1986,4746,44,23,0
Dan Marino,1987,3245,26,13,0
Dan Marino,1988,4434,28,23,0
Dan Marino,1989,3997,24,22,0
Dan Marino,1990,3563,21,11,0
Dan Marino,1991,3970,25,13,0
Dan Marino,1992,4116,24,16,0
Dan Marino,1994,4453,30,17,0
Dan Marino,1995,3668,24,15,0
Dan Marino,1996,2795,17,9,0
Dan Marino,1997,3780,16,11,0
Dan Marino,1998,3497,23,15,0
Dan Marino,1999,2448,12,17,0
Dave Krieg,1983,2139,18,11,0
Dave Krieg,1984,3671,32,24,0
Dave Krieg,1985,3602,27,20,0
Dave Krieg,1986,2921,21,11,0
Dave Krieg,1987,2131,23,15,0
Dave Krieg,1988,1741,18,8,0
Dave Krieg,1989,3309,21,20,0
Dave Krieg,1990,3194,15,20,0
Dave Krieg,1991,2080,11,12,0
Dave Krieg,1992,3115,15,12,0
Dave Krieg,1994,1629,14,3,0
Dave Krieg,1995,3554,16,21,0
Paul McDonald,1984,3472,14,23,0
Warren Moon,1984,3338,12,14,0
Warren Moon,1985,2709,15,19,0
Warren Moon,1986,3489,13,26,0
Warren Moon,1987,2806,21,18,0
Warren Moon,1988,2327,17,8,0
Warren Moon,1989,3631,23,14,0
Warren Moon,1990,4689,33,13,0
Warren Moon,1991,4690,23,21,0
Warren Moon,1992,2521,18,12,0
Warren Moon,1993,3485,21,21,0
Warren Moon,1994,4264,18,19,0
Warren Moon,1995,4228,33,14,0
Warren Moon,1997,3678,25,16,0
Tony Eason,1984,3228,23,8,0
Tony Eason,1985,2156,11,17,0
Tony Eason,1986,3328,19,10,0
John Elway,1984,2598,18,15,0
John Elway,1985,3891,22,23,0
John Elway,1986,3485,19,13,0
John Elway,1987,3198,19,12,0
John Elway,1988,3309,17,19,0
John Elway,1989,3051,18,18,0
John Elway,1990,3526,15,14,0
John Elway,1991,3253,13,12,0
John Elway,1992,2242,10,17,0
John Elway,1993,4030,25,10,0
John Elway,1994,3490,16,10,0
John Elway,1995,3970,26,14,0
John Elway,1996,3328,26,14,0
John Elway,1997,3635,27,11,0
John Elway,1998,2806,22,10,0
Gary Hogeboom,1984,2366,7,14,0
Gary Hogeboom,1989,2591,14,19,0
Mark Malone,1984,2137,16,17,0
Mark Malone,1986,2444,15,18,0
Mark Malone,1987,1896,6,19,0
Jeff Kemp,1984,2021,13,7,0
Pat Ryan,1984,1939,14,14,0
Ken O'Brien,1985,3888,25,8,0
Ken O'Brien,1986,3690,25,20,0
Ken O'Brien,1987,2696,13,8,0
Ken O'Brien,1988,2567,15,7,0
Ken O'Brien,1989,3346,12,18,0
Ken O'Brien,1990,2855,13,10,0
Ken O'Brien,1991,3300,10,11,0
Boomer Esiason,1985,3443,27,12,0
Boomer Esiason,1986,3959,24,17,0
Boomer Esiason,1987,3321,16,19,0
Boomer Esiason,1988,3572,28,14,0
Boomer Esiason,1989,3525,28,11,0
Boomer Esiason,1990,3031,24,22,0
Boomer Esiason,1991,2883,13,16,0
Boomer Esiason,1993,3421,16,11,0
Boomer Esiason,1994,2782,17,13,0
Boomer Esiason,1996,2293,11,14,0
Dieter Brock,1985,2658,16,13,0
David Archer,1985,1992,7,17,0
David Archer,1986,2007,10,9,0
Dave Wilson,1985,1843,11,15,0
Dave Wilson,1986,2353,10,17,0
Jay Schroeder,1986,4109,22,22,0
Jay Schroeder,1987,1878,12,10,0
Jay Schroeder,1988,1839,13,13,0
Jay Schroeder,1990,2849,19,9,0
Jay Schroeder,1991,2562,15,16,0
Jay Schroeder,1992,1476,11,11,0
Bernie Kosar,1986,3854,17,10,0
Bernie Kosar,1987,3033,22,9,0
Bernie Kosar,1988,1890,10,7,0
Bernie Kosar,1989,3533,18,14,0
Bernie Kosar,1990,2562,10,15,0
Bernie Kosar,1991,3487,18,9,0
Jim Kelly,1986,3593,22,17,0
Jim Kelly,1987,2798,19,11,0
Jim Kelly,1988,3380,15,17,0
Jim Kelly,1989,3130,25,18,0
Jim Kelly,1990,2829,24,9,0
Jim Kelly,1991,3844,33,17,0
Jim Kelly,1992,3457,23,19,0
Jim Kelly,1993,3382,18,18,0
Jim Kelly,1994,3114,22,17,0
Jim Kelly,1995,3130,22,13,0
Jim Kelly,1996,2810,14,19,0
Randy Wright,1986,3247,17,23,0
Steve Pelluer,1986,2727,8,17,0
Steve Pelluer,1988,3139,17,19,0
Steve Young,1986,2282,8,13,0
Steve Young,1991,2517,17,8,0
Steve Young,1992,3465,25,7,0
Steve Young,1993,4023,29,16,0
Steve Young,1994,3969,35,10,0
Steve Young,1995,3200,20,11,0
Steve Young,1996,2410,14,6,0
Steve Young,1997,3029,19,6,0
Steve Young,1998,4170,36,12,0
Jack Trudeau,1986,2225,8,18,0
Jack Trudeau,1989,2317,15,13,0
Randall Cunningham,1987,2786,23,12,0
Randall Cunningham,1988,3808,24,16,0
Randall Cunningham,1989,3400,21,15,0
Randall Cunningham,1990,3466,30,13,0
Randall Cunningham,1992,2775,19,11,0
Randall Cunningham,1994,3229,16,13,0
Randall Cunningham,1998,3704,34,10,0
Chuck Long,1987,2598,11,20,0
Bobby Hebert,1987,2119,15,9,0
Bobby Hebert,1988,3156,20,15,0
Bobby Hebert,1989,2686,15,15,0
Bobby Hebert,1992,3287,19,16,0
Bobby Hebert,1993,2978,24,17,0
Bobby Hebert,1996,3152,22,25,0
Wade Wilson,1987,2106,14,13,0
Wade Wilson,1988,2746,15,9,0
Wade Wilson,1989,2543,9,12,0
Wade Wilson,1993,2457,12,15,0
Jim Everett,1987,2064,10,13,0
Jim Everett,1988,3964,31,18,0
Jim Everett,1989,4310,29,17,0
Jim Everett,1990,3989,23,17,0
Jim Everett,1991,3438,11,20,0
Jim Everett,1992,3323,22,18,0
Jim Everett,1994,3855,22,18,0
Jim Everett,1995,3970,26,14,0
Jim Everett,1996,2797,12,16,0
Scott Campbell,1987,1728,11,14,0
Vinny Testaverde,1988,3240,13,35,0
Vinny Testaverde,1989,3133,20,22,0
Vinny Testaverde,1990,2818,17,18,0
Vinny Testaverde,1991,1994,8,15,0
Vinny Testaverde,1992,2554,14,16,0
Vinny Testaverde,1993,1797,14,9,0
Vinny Testaverde,1994,2575,16,18,0
Vinny Testaverde,1995,2883,17,10,0
Vinny Testaverde,1996,4177,33,19,0
Vinny Testaverde,1997,2971,18,15,0
Vinny Testaverde,1998,3256,29,7,0
Vinny Testaverde,2000,3732,21,25,0
Vinny Testaverde,2001,2752,15,14,0
Vinny Testaverde,2004,3532,17,20,0
Bubby Brister,1988,2634,11,14,0
Bubby Brister,1989,2365,9,10,0
Bubby Brister,1990,2725,20,14,0
Bubby Brister,1993,1905,14,5,0
Chris Miller,1988,2133,11,12,0
Chris Miller,1989,3459,16,10,0
Chris Miller,1990,2735,17,14,0
Chris Miller,1991,3103,26,18,0
Chris Miller,1992,1739,15,6,0
Chris Miller,1994,2104,16,14,0
Chris Miller,1995,2623,18,15,0
Don Majkowski,1988,2119,9,11,0
Don Majkowski,1989,4318,27,20,0
Mark Rypien,1988,1730,18,13,0
Mark Rypien,1989,3768,22,13,0
Mark Rypien,1990,2070,16,11,0
Mark Rypien,1991,3564,28,11,0
Mark Rypien,1992,3282,13,17,0
Steve Beuerlein,1988,1643,8,7,0
Steve Beuerlein,1993,3164,18,17,0
Steve Beuerlein,1998,2613,17,12,0
Steve Beuerlein,1999,4436,36,15,0
Steve Beuerlein,2000,3730,19,18,0
Mike Tomczak,1989,2058,16,16,0
Mike Tomczak,1992,1693,7,7,0
Mike Tomczak,1996,2767,15,17,0
Troy Aikman,1989,1749,9,18,0
Troy Aikman,1990,2579,11,18,0
Troy Aikman,1991,2754,11,10,0
Troy Aikman,1992,3445,23,14,0
Troy Aikman,1993,3100,15,6,0
Troy Aikman,1994,2676,13,12,0
Troy Aikman,1995,3304,16,7,0
Troy Aikman,1996,3126,12,13,0
Troy Aikman,1997,3283,19,12,0
Troy Aikman,1998,2330,12,5,0
Troy Aikman,1999,2964,17,12,0
Timm Rosenbach,1990,3098,16,17,0
Billy Joe Tolliver,1990,2574,16,16,0
Rich Gannon,1990,2278,16,16,0
Rich Gannon,1991,2166,12,6,0
Rich Gannon,1992,1905,12,13,0
Rich Gannon,1998,2305,10,6,0
Rich Gannon,1999,3840,24,14,0
Rich Gannon,2000,3430,28,11,0
Rich Gannon,2001,3828,27,9,0
Rich Gannon,2002,4689,26,10,0
Jim Harbaugh,1990,2178,10,6,0
Jim Harbaugh,1991,3121,15,16,0
Jim Harbaugh,1992,2486,13,12,0
Jim Harbaugh,1993,2002,7,11,0
Jim Harbaugh,1995,2575,17,5,0
Jim Harbaugh,1996,2630,13,11,0
Jim Harbaugh,1997,2060,10,4,0
Jim Harbaugh,1998,1839,12,11,0
Jim Harbaugh,1999,2761,10,14,0
Jeff George,1990,2152,16,13,0
Jeff George,1991,2910,10,12,0
Jeff George,1992,1963,7,15,0
Jeff George,1993,2526,8,6,0
Jeff George,1994,3734,23,18,0
Jeff George,1995,4143,24,11,0
Jeff George,1997,3917,29,9,0
Jeff George,1999,2816,23,12,0
Steve Walsh,1990,2010,12,13,0
Steve Walsh,1994,2078,10,8,0
Hugh Millen,1991,3073,9,18,0
John Friesz,1991,2896,12,15,0
Tom Tupa,1991,2053,6,13,0
Jeff Hostetler,1991,2032,5,4,0
Jeff Hostetler,1993,3242,14,10,0
Jeff Hostetler,1994,3334,20,16,0
Jeff Hostetler,1996,2548,23,14,0
Neil O'Donnell,1991,1963,11,7,0
Neil O'Donnell,1992,2283,13,9,0
Neil O'Donnell,1993,3208,14,7,0
Neil O'Donnell,1994,2443,13,9,0
Neil O'Donnell,1995,2970,17,7,0
Neil O'Donnell,1997,2796,17,7,0
Neil O'Donnell,1998,2216,15,4,0
Stan Humphries,1992,3356,16,18,0
Stan Humphries,1993,1981,12,10,0
Stan Humphries,1994,3209,17,12,0
Stan Humphries,1995,3381,17,14,0
Stan Humphries,1996,2670,18,13,0
Brett Favre,1992,3227,18,13,0
Brett Favre,1993,3303,19,24,0
Brett Favre,1994,3882,33,14,0
Brett Favre,1995,4413,38,13,0
Brett Favre,1996,3899,39,13,0
Brett Favre,1997,3867,35,16,0
Brett Favre,1998,4212,31,23,0
Brett Favre,1999,4091,22,23,0
Brett Favre,2000,3812,20,16,0
Brett Favre,2001,3921,32,15,0
Brett Favre,2002,3658,27,16,0
Brett Favre,2003,3361,32,21,0
Brett Favre,2004,4088,30,17,0
Brett Favre,2005,3881,20,29,0
Brett Favre,2006,3885,18,18,0
Brett Favre,2007,4155,28,15,0
Brett Favre,2008,3472,22,22,0
Brett Favre,2009,4202,33,7,0
Brett Favre,2010,2509,11,19,0
Chris Chandler,1992,2832,15,15,0
Chris Chandler,1997,2692,20,7,0
Chris Chandler,1998,3154,25,12,0
Chris Chandler,1999,2339,16,11,0
Chris Chandler,2000,2236,10,12,0
Chris Chandler,2001,2847,16,14,0
Browning Nagle,1992,2280,7,17,0
Cody Carlson,1992,1710,9,11,0
Rodney Peete,1992,1702,9,9,0
Rodney Peete,2002,2630,15,14,0
Craig Erickson,1993,3054,18,21,0
Craig Erickson,1994,2919,16,10,0
Rick Mirer,1993,2833,12,17,0
Rick Mirer,1994,2151,11,7,0
Rick Mirer,1995,2564,13,20,0
Drew Bledsoe,1993,2494,15,15,0
Drew Bledsoe,1994,4555,25,27,0
Drew Bledsoe,1995,3507,13,16,0
Drew Bledsoe,1996,4086,27,15,0
Drew Bledsoe,1997,3706,28,15,0
Drew Bledsoe,1998,3633,20,14,0
Drew Bledsoe,1999,3985,19,21,0
Drew Bledsoe,2000,3291,17,13,0
Drew Bledsoe,2002,4359,24,15,0
Drew Bledsoe,2003,2860,11,12,0
Drew Bledsoe,2004,2932,20,16,0
Drew Bledsoe,2005,3639,23,17,0
David Klingler,1993,1935,6,9,0
Scott Mitchell,1993,1773,12,8,0
Scott Mitchell,1995,4338,32,12,0
Scott Mitchell,1996,2917,17,17,0
Scott Mitchell,1997,3484,19,14,0
Dave Brown,1994,2536,12,16,0
Dave Brown,1995,2814,11,10,0
Dave Brown,1996,2412,12,20,0
Jeff Blake,1994,2154,14,9,0
Jeff Blake,1995,3822,28,17,0
Jeff Blake,1996,3624,24,14,0
Jeff Blake,1997,2125,8,7,0
Jeff Blake,1999,2670,16,12,0
Jeff Blake,2000,2025,13,9,0
Jeff Blake,2003,2247,13,15,0
Heath Shuler,1994,1658,10,12,0
Erik Kramer,1995,3838,29,10,0
Erik Kramer,1997,3011,14,14,0
Erik Kramer,1998,1823,9,7,0
Steve Bono,1995,3121,21,10,0
Steve Bono,1996,2572,12,13,0
Trent Dilfer,1995,2774,4,18,0
Trent Dilfer,1996,2859,12,19,0
Trent Dilfer,1997,2555,21,11,0
Trent Dilfer,1998,2729,21,15,0
Trent Dilfer,2005,2321,11,12,0
Gus Frerotte,1995,2751,13,13,0
Gus Frerotte,1996,3453,12,11,0
Gus Frerotte,1997,2682,17,12,0
Gus Frerotte,1999,2117,9,7,0
Gus Frerotte,2005,2996,18,13,0
Kerry Collins,1995,2717,14,19,0
Kerry Collins,1996,2454,14,9,0
Kerry Collins,1997,2124,11,21,0
Kerry Collins,1998,2213,12,15,0
Kerry Collins,1999,2318,8,11,0
Kerry Collins,2000,3610,22,13,0
Kerry Collins,2001,3764,19,16,0
Kerry Collins,2002,4073,19,14,0
Kerry Collins,2003,3110,13,16,0
Kerry Collins,2004,3495,21,20,0
Kerry Collins,2005,3759,20,12,0
Kerry Collins,2008,2676,12,7,0
Mark Brunell,1996,4367,19,20,0
Mark Brunell,1997,3281,18,7,0
Mark Brunell,1998,2601,20,9,0
Mark Brunell,1999,3060,14,9,0
Mark Brunell,2000,3640,20,14,0
Mark Brunell,2001,3309,19,13,0
Mark Brunell,2002,2788,17,7,0
Mark Brunell,2005,3050,23,10,0
Ty Detmer,1996,2911,15,13,0
Tony Banks,1996,2544,15,15,0
Tony Banks,1997,3254,14,13,0
Tony Banks,1998,2535,7,14,0
Tony Banks,1999,2136,17,8,0
Brad Johnson,1997,3036,20,12,0
Brad Johnson,1999,4005,24,13,0
Brad Johnson,2000,2505,11,15,0
Brad Johnson,2001,3406,13,11,0
Brad Johnson,2002,3049,22,6,0
Brad Johnson,2003,3811,26,21,0
Brad Johnson,2006,2750,9,15,0
Kordell Stewart,1997,3020,21,17,0
Kordell Stewart,1998,2560,11,18,0
Kordell Stewart,2001,3109,14,11,0
Steve McNair,1997,2665,14,13,0
Steve McNair,1998,3228,15,10,0
Steve McNair,1999,2179,12,8,0
Steve McNair,2000,2847,15,13,0
Steve McNair,2001,3350,21,12,0
Steve McNair,2002,3387,22,15,0
Steve McNair,2003,3215,24,7,0
Steve McNair,2005,3161,16,11,0
Steve McNair,2006,3050,16,12,0
Todd Collins,1997,2367,12,13,0
Jake Plummer,1997,2203,15,15,0
Jake Plummer,1998,3737,17,20,0
Jake Plummer,1999,2111,9,24,0
Jake Plummer,2000,2946,13,21,0
Jake Plummer,2001,3653,18,14,0
Jake Plummer,2002,2972,18,20,0
Jake Plummer,2003,2182,15,7,0
Jake Plummer,2004,4089,27,20,0
Jake Plummer,2005,3366,18,7,0
Peyton Manning,1998,3739,26,28,0
Peyton Manning,1999,4135,26,15,0
Peyton Manning,2000,4413,33,15,0
Peyton Manning,2001,4131,26,23,0
Peyton Manning,2002,4200,27,19,0
Peyton Manning,2003,4267,29,10,0
Peyton Manning,2004,4557,49,10,0
Peyton Manning,2005,3747,28,10,0
Peyton Manning,2006,4397,31,9,0
Peyton Manning,2007,4040,31,14,0
Peyton Manning,2008,4002,27,12,0
Peyton Manning,2009,4500,33,16,0
Peyton Manning,2010,4700,33,17,0
Peyton Manning,2012,4659,37,11,0
Peyton Manning,2013,5477,55,10,0
Peyton Manning,2014,4727,39,15,0
Trent Green,1998,3441,23,11,0
Trent Green,2000,2063,16,5,0
Trent Green,2001,3783,17,24,0
Trent Green,2002,3690,26,13,0
Trent Green,2003,4039,24,12,0
Trent Green,2004,4591,27,17,0
Trent Green,2005,4014,17,10,0
Doug Flutie,1998,2711,20,11,0
Doug Flutie,1999,3171,19,16,0
Doug Flutie,2001,3464,15,18,0
Charlie Batch,1998,2178,11,6,0
Charlie Batch,2000,2489,13,15,0
Kurt Warner,1999,4353,41,13,0
Kurt Warner,2000,3429,21,18,0
Kurt Warner,2001,4830,36,22,0
Kurt Warner,2005,2713,11,9,0
Kurt Warner,2007,3417,27,17,0
Kurt Warner,2008,4583,30,14,0
Kurt Warner,2009,3753,26,14,0
Elvis Grbac,1999,3389,22,15,0
Elvis Grbac,2000,4169,28,14,0
Elvis Grbac,2001,3033,15,18,0
Jon Kitna,1999,3346,23,16,0
Jon Kitna,2000,2658,18,19,0
Jon Kitna,2001,3216,12,22,0
Jon Kitna,2002,3178,16,16,0
Jon Kitna,2003,3591,26,15,0
Jon Kitna,2006,4208,21,22,0
Jon Kitna,2007,4068,18,20,0
Brian Griese,1999,3032,14,14,0
Brian Griese,2000,2688,19,4,0
Brian Griese,2001,2827,23,19,0
Brian Griese,2002,3214,15,15,0
Brian Griese,2004,2632,20,12,0
Brian Griese,2007,1803,10,12,0
Jeff Garcia,1999,2544,11,11,0
Jeff Garcia,2000,4278,31,10,0
Jeff Garcia,2001,3538,32,12,0
Jeff Garcia,2002,3344,21,10,0
Jeff Garcia,2003,2704,18,13,0
Jeff Garcia,2007,2440,13,4,0
Jeff Garcia,2008,2712,12,6,0
Tim Couch,1999,2447,15,13,0
Tim Couch,2001,3040,17,21,0
Tim Couch,2002,2842,18,18,0
Daunte Culpepper,2000,3937,33,16,0
Daunte Culpepper,2001,2612,14,13,0
Daunte Culpepper,2002,3853,18,23,0
Daunte Culpepper,2003,3479,25,11,0
Daunte Culpepper,2004,4717,39,11,0
Donovan McNabb,2000,3365,21,13,0
Donovan McNabb,2001,3233,25,12,0
Donovan McNabb,2003,3216,16,11,0
Donovan McNabb,2004,3875,31,8,0
Donovan McNabb,2005,2507,16,9,0
Donovan McNabb,2006,2647,18,6,0
Donovan McNabb,2007,3324,19,7,0
Donovan McNabb,2008,3916,23,11,0
Donovan McNabb,2009,3553,22,10,0
Donovan McNabb,2010,3377,14,15,0
Shaun King,2000,2769,18,13,0
Jay Fiedler,2000,2402,14,14,0
Jay Fiedler,2001,3290,20,19,0
Jay Fiedler,2003,2138,11,13,0
Rob Johnson,2000,2125,12,7,0
Aaron Brooks,2001,3832,26,22,0
Aaron Brooks,2002,3572,27,15,0
Aaron Brooks,2003,3546,24,8,0
Aaron Brooks,2004,3810,21,16,0
Aaron Brooks,2005,2882,13,17,0
Chris Weinke,2001,2931,11,19,0
Tom Brady,2001,2843,18,12,0
Tom Brady,2002,3764,28,14,0
Tom Brady,2003,3620,23,12,0
Tom Brady,2004,3692,28,14,0
Tom Brady,2005,4110,26,14,0
Tom Brady,2006,3529,24,12,0
Tom Brady,2007,4806,50,8,0
Tom Brady,2009,4398,28,13,0
Tom Brady,2010,3900,36,4,0
Tom Brady,2011,5235,39,12,0
Tom Brady,2012,4827,34,8,0
Tom Brady,2013,4343,25,11,0
Tom Brady,2014,4109,33,9,0
Tom Brady,2015,4770,36,7,0
Tom Brady,2016,3554,28,2,0
Tom Brady,2017,4577,32,8,0
Tom Brady,2018,4355,29,11,0
Tom Brady,2019,4057,24,8,0
Tom Brady,2020,4633,40,12,0
Tom Brady,2021,5316,43,12,0
Tom Brady,2022,4694,25,9,0
Drew Brees,2002,3284,17,16,0
Drew Brees,2004,3159,27,7,0
Drew Brees,2005,3576,24,15,0
Drew Brees,2006,4418,26,11,0
Drew Brees,2007,4423,28,18,0
Drew Brees,2008,5069,34,17,0
Drew Brees,2009,4388,34,11,0
Drew Brees,2010,4620,33,22,0
Drew Brees,2011,5476,46,14,0
Drew Brees,2012,5177,43,19,0
Drew Brees,2013,5162,39,12,0
Drew Brees,2014,4952,33,17,0
Drew Brees,2015,4870,32,11,0
Drew Brees,2016,5208,37,15,0
Drew Brees,2017,4334,23,8,0
Drew Brees,2018,3992,32,5,0
Drew Brees,2020,2942,24,6,0
Chad Pennington,2002,3120,22,6,0
Chad Pennington,2003,2139,13,12,0
Chad Pennington,2004,2673,16,9,0
Chad Pennington,2006,3352,17,16,0
Chad Pennington,2008,3653,19,7,0
Matt Hasselbeck,2002,3075,15,10,0
Matt Hasselbeck,2003,3841,26,15,0
Matt Hasselbeck,2004,3382,22,15,0
Matt Hasselbeck,2005,3459,24,9,0
Matt Hasselbeck,2006,2442,18,15,0
Matt Hasselbeck,2007,3966,28,12,0
Matt Hasselbeck,2009,3029,17,17,0
Matt Hasselbeck,2010,3001,12,17,0
Matt Hasselbeck,2011,3571,18,14,0
Mike Vick,2002,2936,16,8,0
Mike Vick,2005,2412,15,13,0
Mike Vick,2006,2474,20,13,0
Mike Vick,2010,3018,21,6,0
Mike Vick,2011,3303,18,14,0
Tommy Maddox,2002,2836,20,16,0
Tommy Maddox,2003,3414,18,17,0
David Carr,2002,2592,9,15,0
David Carr,2004,3531,16,14,0
David Carr,2005,2488,14,11,0
David Carr,2006,2767,11,12,0
Joey Harrington,2002,2294,12,16,0
Joey Harrington,2003,2880,17,22,0
Joey Harrington,2004,3047,19,12,0
Joey Harrington,2006,2236,12,15,0
Joey Harrington,2007,2215,7,8,0
Marc Bulger,2003,3845,22,22,0
Marc Bulger,2004,3964,21,14,0
Marc Bulger,2005,2297,14,9,0
Marc Bulger,2006,4301,24,8,0
Marc Bulger,2007,2392,11,15,0
Marc Bulger,2008,2720,11,13,0
Quincy Carter,2003,3302,17,21,0
Jake Delhomme,2003,3219,19,16,0
Jake Delhomme,2004,3886,29,15,0
Jake Delhomme,2005,3421,24,16,0
Jake Delhomme,2006,2805,17,11,0
Jake Delhomme,2008,3288,15,12,0
Byron Leftwich,2003,2819,14,16,0
Byron Leftwich,2004,2941,15,10,0
Byron Leftwich,2005,2123,15,5,0
Patrick Ramsey,2003,2166,14,9,0
Carson Palmer,2004,2897,18,18,0
Carson Palmer,2005,3836,32,12,0
Carson Palmer,2006,4035,28,13,0
Carson Palmer,2007,4131,26,20,0
Carson Palmer,2009,3094,21,13,0
Carson Palmer,2010,3970,26,20,0
Carson Palmer,2011,2753,13,16,0
Carson Palmer,2012,4018,22,14,0
Carson Palmer,2013,4274,24,22,0
Carson Palmer,2015,4671,35,11,0
Carson Palmer,2016,4233,26,14,0
Ben Roethlisberger,2004,2621,17,11,0
Ben Roethlisberger,2005,2385,17,9,0
Ben Roethlisberger,2006,3513,18,23,0
Ben Roethlisberger,2007,3154,32,11,0
Ben Roethlisberger,2008,3301,17,15,0
Ben Roethlisberger,2009,4328,26,12,0
Ben Roethlisberger,2010,3200,17,5,0
Ben Roethlisberger,2011,4077,21,14,0
Ben Roethlisberger,2012,3265,26,8,0
Ben Roethlisberger,2013,4261,28,14,0
Ben Roethlisberger,2014,4952,32,9,0
Ben Roethlisberger,2015,3938,21,16,0
Ben Roethlisberger,2016,3819,29,13,0
Ben Roethlisberger,2017,4251,28,14,0
Ben Roethlisberger,2018,5129,34,16,0
Ben Roethlisberger,2020,3803,33,10,0
Ben Roethlisberger,2021,3740,22,10,0
Kyle Boller,2004,2559,13,11,0
Josh McCown,2004,2511,11,10,0
Josh McCown,2017,2926,18,9,0
Billy Volek,2004,2486,18,10,0
Eli Manning,2005,3762,24,17,0
Eli Manning,2006,3244,24,18,0
Eli Manning,2007,3336,23,20,0
Eli Manning,2008,3238,21,10,0
Eli Manning,2009,4021,27,14,0
Eli Manning,2010,4002,31,25,0
Eli Manning,2011,4933,29,16,0
Eli Manning,2012,3948,26,15,0
Eli Manning,2013,3818,18,27,0
Eli Manning,2014,4410,30,14,0
Eli Manning,2015,4432,35,14,0
Eli Manning,2016,4027,26,16,0
Eli Manning,2017,3468,19,13,0
Eli Manning,2018,4299,21,11,0
Chris Simms,2005,2035,10,7,0
Philip Rivers,2006,3388,22,9,0
Philip Rivers,2007,3152,21,15,0
Philip Rivers,2008,4009,34,11,0
Philip Rivers,2009,4254,28,9,0
Philip Rivers,2010,4710,30,13,0
Philip Rivers,2011,4624,27,20,0
Philip Rivers,2012,3606,26,15,0
Philip Rivers,2013,4478,32,11,0
Philip Rivers,2014,4286,31,18,0
Philip Rivers,2015,4792,29,13,0
Philip Rivers,2016,4386,33,21,0
Philip Rivers,2017,4515,28,10,0
Philip Rivers,2018,4308,32,12,0
Philip Rivers,2019,4615,23,20,0
Philip Rivers,2020,4169,24,11,0
Rex Grossman,2006,3193,23,20,0
Rex Grossman,2011,3151,16,20,0
J.P. Losman,2006,3051,19,14,0
Tony Romo,2006,2903,19,13,0
Tony Romo,2007,4211,36,19,0
Tony Romo,2008,3448,26,14,0
Tony Romo,2009,4483,26,9,0
Tony Romo,2011,4184,31,10,0
Tony Romo,2012,4903,28,19,0
Tony Romo,2013,3828,31,10,0
Tony Romo,2014,3705,34,9,0
Alex Smith,2006,2890,16,16,0
Alex Smith,2009,2350,18,12,0
Alex Smith,2011,3144,17,5,0
Alex Smith,2013,3313,23,7,0
Alex Smith,2014,3265,18,6,0
Alex Smith,2015,3486,20,7,0
Alex Smith,2016,3502,15,8,0
Alex Smith,2017,4042,26,5,0
Matt Leinart,2006,2547,11,12,0
Charlie Frye,2006,2454,10,17,0
Derek Anderson,2007,3787,29,19,0
Jay Cutler,2007,3497,20,14,0
Jay Cutler,2008,4526,25,18,0
Jay Cutler,2009,3666,27,26,0
Jay Cutler,2010,3274,23,16,0
Jay Cutler,2011,2319,13,7,0
Jay Cutler,2012,3033,19,14,0
Jay Cutler,2013,2621,19,12,0
Jay Cutler,2014,3812,28,18,0
Jay Cutler,2015,3659,21,11,0
Jason Campbell,2007,2700,12,11,0
Jason Campbell,2008,3245,13,6,0
Jason Campbell,2009,3618,20,15,0
Vince Young,2007,2546,9,17,0
David Garrard,2007,2509,18,3,0
David Garrard,2008,3620,15,13,0
David Garrard,2009,3597,15,10,0
David Garrard,2010,2734,23,15,0
Damon Huard,2007,2257,11,13,0
Matt Schaub,2007,2241,9,9,0
Matt Schaub,2008,3043,15,10,0
Matt Schaub,2009,4770,29,15,0
Matt Schaub,2010,4370,24,12,0
Matt Schaub,2011,2479,15,6,0
Matt Schaub,2012,4008,22,12,0
Tarvaris Jackson,2007,1911,9,12,0
Tarvaris Jackson,2011,3091,14,13,0
Aaron Rodgers,2008,4038,28,13,0
Aaron Rodgers,2009,4434,30,7,0
Aaron Rodgers,2010,3922,28,11,0
Aaron Rodgers,2011,4643,45,6,0
Aaron Rodgers,2012,4295,39,8,0
Aaron Rodgers,2013,2536,17,6,0
Aaron Rodgers,2014,4381,38,5,0
Aaron Rodgers,2015,3821,31,8,0
Aaron Rodgers,2016,4428,40,7,0
Aaron Rodgers,2018,4442,25,2,0
Aaron Rodgers,2019,4002,26,4,0
Aaron Rodgers,2020,4299,48,5,0
Aaron Rodgers,2021,4115,37,4,0
Aaron Rodgers,2022,3695,26,12,0
Matt Cassel,2008,3693,21,11,0
Matt Cassel,2009,2924,16,16,0
Matt Cassel,2010,3116,27,7,0
Matt Ryan,2008,3440,16,11,0
Matt Ryan,2009,2916,22,14,0
Matt Ryan,2010,3705,28,9,0
Matt Ryan,2011,4177,29,12,0
Matt Ryan,2012,4719,32,14,0
Matt Ryan,2013,4515,26,17,0
Matt Ryan,2014,4694,28,14,0
Matt Ryan,2015,4591,21,16,0
Matt Ryan,2016,4944,38,7,0
Matt Ryan,2017,4095,20,12,0
Matt Ryan,2018,4924,35,7,0
Matt Ryan,2019,4466,26,14,0
Matt Ryan,2020,4581,26,11,0
Matt Ryan,2021,3968,20,12,0
Matt Ryan,2022,3057,14,13,0
Kyle Orton,2008,2972,18,12,0
Kyle Orton,2009,3802,21,12,0
Kyle Orton,2010,3653,20,9,0
Kyle Orton,2014,3018,18,10,0
Joe Flacco,2008,2971,14,12,0
Joe Flacco,2009,3613,21,12,0
Joe Flacco,2010,3622,25,10,0
Joe Flacco,2011,3610,20,12,0
Joe Flacco,2012,3817,22,10,0
Joe Flacco,2013,3912,19,22,0
Joe Flacco,2014,3986,27,12,0
Joe Flacco,2015,2791,14,12,0
Joe Flacco,2016,4317,20,15,0
Joe Flacco,2017,3141,18,13,0
Trent Edwards,2008,2699,11,10,0
Tyler Thigpen,2008,2608,18,12,0
Chad Henne,2009,2878,12,14,0
Chad Henne,2010,3301,15,19,0
Chad Henne,2013,3241,13,14,0
Mark Sanchez,2009,2444,12,20,0
Mark Sanchez,2010,3291,17,13,0
Mark Sanchez,2011,3474,26,18,0
Matthew Stafford,2009,2267,13,20,0
Matthew Stafford,2011,5038,41,16,0
Matthew Stafford,2012,4967,20,17,0
Matthew Stafford,2013,4650,29,19,0
Matthew Stafford,2014,4257,22,12,0
Matthew Stafford,2015,4262,32,13,0
Matthew Stafford,2016,4327,24,10,0
Matthew Stafford,2017,4446,29,10,0
Matthew Stafford,2018,3777,21,11,0
Matthew Stafford,2020,4084,26,10,0
Matthew Stafford,2021,4886,41,17,0
Matthew Stafford,2023,3965,24,11,0
Sam Bradford,2010,3512,18,15,0
Sam Bradford,2012,3702,21,13,0
Sam Bradford,2015,3725,19,14,0
Sam Bradford,2016,3877,20,5,0
Josh Freeman,2010,3451,25,6,0
Josh Freeman,2011,3592,16,22,0
Josh Freeman,2012,4065,27,17,0
Ryan Fitzpatrick,2010,3000,23,15,0
Ryan Fitzpatrick,2011,3832,24,23,0
Ryan Fitzpatrick,2012,3400,24,16,0
Ryan Fitzpatrick,2015,3905,31,15,0
Ryan Fitzpatrick,2019,3529,20,13,0
Shaun Hill,2010,2686,16,12,0
Cam Newton,2011,4051,21,17,0
Cam Newton,2012,3869,19,12,0
Cam Newton,2013,3379,24,13,0
Cam Newton,2014,3127,18,12,0
Cam Newton,2015,3837,35,10,0
Cam Newton,2016,3509,19,14,0
Cam Newton,2017,3302,22,16,0
Cam Newton,2018,3395,24,13,0
Cam Newton,2020,2657,8,10,0
Andy Dalton,2011,3398,20,13,0
Andy Dalton,2012,3669,27,16,0
Andy Dalton,2013,4293,33,20,0
Andy Dalton,2014,3398,19,17,0
Andy Dalton,2015,3250,25,7,0
Andy Dalton,2016,4206,18,8,0
Andy Dalton,2017,3320,25,12,0
Andy Dalton,2018,2566,21,11,0
Andy Dalton,2019,3494,16,14,0
Andy Dalton,2022,2871,18,9,0
Colt McCoy,2011,2733,14,11,0
Matt Moore,2011,2497,16,9,0
Andrew Luck,2012,4374,23,18,0
Andrew Luck,2013,3822,23,9,0
Andrew Luck,2014,4761,40,16,0
Andrew Luck,2016,4240,31,13,0
Andrew Luck,2018,4593,39,15,0
Brandon Weeden,2012,3385,14,17,0
Ryan Tannehill,2012,3294,12,13,0
Ryan Tannehill,2013,3913,24,17,0
Ryan Tannehill,2014,4045,27,12,0
Ryan Tannehill,2015,4208,24,12,0
Ryan Tannehill,2020,3819,33,7,0
Ryan Tannehill,2021,3734,21,14,0
Ryan Tannehill,2022,2536,13,6,0
Robert Griffin III,2012,3200,20,5,0
Robert Griffin III,2013,3203,16,12,0
Russell Wilson,2012,3118,26,10,0
Russell Wilson,2013,3357,26,9,0
Russell Wilson,2014,3475,20,7,0
Russell Wilson,2015,4024,34,8,0
Russell Wilson,2016,4219,21,11,0
Russell Wilson,2017,3983,34,11,0
Russell Wilson,2018,3448,35,7,0
Russell Wilson,2019,4110,31,5,0
Russell Wilson,2020,4212,40,13,0
Russell Wilson,2021,3113,25,6,0
Russell Wilson,2022,3524,16,11,0
Russell Wilson,2023,3070,26,8,0
Christian Ponder,2012,2935,18,12,0
Colin Kaepernick,2013,3197,21,8,0
Colin Kaepernick,2014,3369,19,10,0
Geno Smith,2013,3046,12,21,0
Geno Smith,2014,2525,13,13,0
Geno Smith,2022,4282,30,11,0
Geno Smith,2023,3624,20,9,0
Nick Foles,2013,2891,27,2,0
Mike Glennon,2013,2608,19,9,0
Brian Hoyer,2014,3326,12,13,0
Derek Carr,2014,3270,21,12,0
Derek Carr,2015,3987,32,13,0
Derek Carr,2016,3937,28,6,0
Derek Carr,2017,3496,22,13,0
Derek Carr,2018,4049,19,10,0
Derek Carr,2019,4054,21,8,0
Derek Carr,2020,4103,27,9,0
Derek Carr,2021,4804,23,14,0
Derek Carr,2022,3522,24,14,0
Derek Carr,2023,3878,25,8,0
Teddy Bridgewater,2014,2919,14,12,0
Teddy Bridgewater,2015,3231,14,9,0
Teddy Bridgewater,2020,3733,15,11,0
Teddy Bridgewater,2021,3052,18,7,0
Blake Bortles,2014,2908,11,17,0
Blake Bortles,2015,4428,35,18,0
Blake Bortles,2016,3905,23,16,0
Blake Bortles,2017,3687,21,13,0
Blake Bortles,2018,2718,13,11,0
Kirk Cousins,2015,4166,29,11,0
Kirk Cousins,2016,4917,25,12,0
Kirk Cousins,2017,4093,27,13,0
Kirk Cousins,2018,4298,30,10,0
Kirk Cousins,2019,3603,26,6,0
Kirk Cousins,2020,4265,35,13,0
Kirk Cousins,2021,4221,33,7,0
Kirk Cousins,2022,4547,29,14,0
Kirk Cousins,2023,2331,18,5,0
Jameis Winston,2015,4042,22,15,0
Jameis Winston,2016,4090,28,18,0
Jameis Winston,2017,3504,19,11,0
Jameis Winston,2018,2992,19,14,0
Jameis Winston,2019,5109,33,30,0
Tyrod Taylor,2015,3035,20,6,0
Tyrod Taylor,2016,3023,17,6,0
Tyrod Taylor,2017,2799,14,4,0
Marcus Mariota,2015,2818,19,10,0
Marcus Mariota,2016,3426,26,9,0
Marcus Mariota,2017,3232,13,15,0
Carson Wentz,2016,3782,16,14,0
Carson Wentz,2017,3296,33,7,0
Carson Wentz,2018,3074,21,7,0
Carson Wentz,2019,4039,27,7,0
Carson Wentz,2020,2620,16,15,0
Carson Wentz,2021,3563,27,7,0
Dak Prescott,2016,3667,23,4,0
Dak Prescott,2017,3324,22,13,0
Dak Prescott,2018,3885,22,8,0
Dak Prescott,2019,4902,30,11,0
Dak Prescott,2021,4449,37,10,0
Dak Prescott,2022,2860,23,15,0
Dak Prescott,2023,4516,36,9,0
Trevor Siemian,2016,3401,18,10,0
Jared Goff,2017,3804,28,7,0
Jared Goff,2018,4688,32,12,0
Jared Goff,2019,4638,22,16,0
Jared Goff,2020,3952,20,13,0
Jared Goff,2021,3245,19,8,0
Jared Goff,2022,4438,29,7,0
Jared Goff,2023,4575,30,12,0
Case Keenum,2017,3547,22,7,0
Case Keenum,2018,3890,18,15,0
Jacoby Brissett,2017,3098,13,7,0
Jacoby Brissett,2022,2608,12,6,0
DeShone Kizer,2017,2894,11,22,0
Patrick Mahomes,2018,5097,50,12,0
Patrick Mahomes,2019,4031,26,5,0
Patrick Mahomes,2020,4740,38,6,0
Patrick Mahomes,2021,4839,37,13,0
Patrick Mahomes,2022,5250,41,12,0
Patrick Mahomes,2023,4183,27,14,0
Deshaun Watson,2018,4165,26,9,0
Deshaun Watson,2019,3852,26,12,0
Deshaun Watson,2020,4823,33,7,0
Baker Mayfield,2018,3725,27,14,0
Baker Mayfield,2019,3827,22,21,0
Baker Mayfield,2020,3563,26,8,0
Baker Mayfield,2021,3010,17,13,0
Baker Mayfield,2023,4044,28,10,0
Mitchell Trubisky,2018,3223,24,12,0
Mitchell Trubisky,2019,3138,17,10,0
Sam Darnold,2018,2865,17,15,0
Sam Darnold,2019,3024,19,13,0
Jimmy Garoppolo,2019,3978,27,13,0
Jimmy Garoppolo,2021,3810,20,12,0
Jimmy Garoppolo,2022,2437,16,4,0
Kyler Murray,2019,3722,20,12,0
Kyler Murray,2020,3971,26,12,0
Kyler Murray,2021,3787,24,10,0
Kyler Murray,2022,2368,14,7,0
Kyle Allen,2019,3322,17,16,0
Gardner Minshew,2019,3271,21,6,0
Gardner Minshew,2023,3305,15,9,0
Lamar Jackson,2019,3127,36,6,0
Lamar Jackson,2020,2757,26,9,0
Lamar Jackson,2021,2882,16,13,0
Lamar Jackson,2023,3678,24,7,0
Josh Allen,2019,3089,20,9,0
Josh Allen,2020,4544,37,10,0
Josh Allen,2021,4407,36,15,0
Josh Allen,2022,4283,35,14,0
Josh Allen,2023,4306,29,18,0
Daniel Jones,2019,3027,24,12,0
Daniel Jones,2020,2943,11,10,0
Daniel Jones,2022,3205,15,5,0
Justin Herbert,2020,4336,31,10,0
Justin Herbert,2021,5014,38,15,0
Justin Herbert,2022,4739,25,10,0
Justin Herbert,2023,3134,20,7,0
Drew Lock,2020,2933,16,15,0
Joe Burrow,2020,2688,13,5,0
Joe Burrow,2021,4611,34,14,0
Joe Burrow,2022,4475,35,12,0
Joe Burrow,2023,2309,15,6,0
Mac Jones,2021,3801,22,13,0
Mac Jones,2022,2997,14,11,0
Trevor Lawrence,2021,3641,12,17,0
Trevor Lawrence,2022,4113,25,8,0
Trevor Lawrence,2023,4016,21,14,0
Taylor Heinicke,2021,3419,20,15,0
Jalen Hurts,2021,3144,16,9,0
Jalen Hurts,2022,3701,22,6,0
Jalen Hurts,2023,3858,23,15,0
Tua Tagovailoa,2022,3548,25,8,0
Tua Tagovailoa,2023,4624,29,14,0
Davis Mills,2022,3118,17,15,0
Kenny Pickett,2022,2404,7,9,0
Brock Purdy,2023,4280,31,11,0
Jordan Love,2023,4159,32,11,0
C.J. Stroud,2023,4108,23,5,0
Sam Howell,2023,3946,21,21,0
Bryce Young,2023,2877,11,10,0
Desmond Ridder,2023,2836,12,12,0
Justin Fields,2023,2562,16,9,0
Joshua Dobbs,2023,2464,13,10,0
