John Brodie,1970,1,2941
John Brodie,1971,2,2642
John Brodie,1973,3,1126
Fran Tarkenton,1970,1,2777
Fran Tarkenton,1971,2,2567
Fran Tarkenton,1972,3,2651
Fran Tarkenton,1973,4,2113
Fran Tarkenton,1974,5,2598
Fran Tarkenton,1975,6,2994
Fran Tarkenton,1976,7,2961
Fran Tarkenton,1977,8,1734
Fran Tarkenton,1978,9,3468
Jim Hart,1970,1,2575
Jim Hart,1971,2,1626
Jim Hart,1973,3,2223
Jim Hart,1974,4,2411
Jim Hart,1975,5,2507
Jim Hart,1976,6,2946
Jim Hart,1977,7,2542
Jim Hart,1978,8,3121
Jim Hart,1979,9,2218
Jim Hart,1980,10,2946
Roman Gabriel,1970,1,2552
Roman Gabriel,1971,2,2238
Roman Gabriel,1972,3,2027
Roman Gabriel,1973,4,3219
Roman Gabriel,1974,5,1867
Roman Gabriel,1975,6,1644
Daryle Lamonica,1970,1,2516
Daryle Lamonica,1971,2,1717
Daryle Lamonica,1972,3,1998
Dennis Shaw,1970,1,2507
Dennis Shaw,1971,2,1813
Dennis Shaw,1972,3,1666
John Hadl,1970,1,2388
John Hadl,1971,2,3075
John Hadl,1972,3,2449
John Hadl,1973,4,2008
John Hadl,1974,5,1752
John Hadl,1975,6,2095
Sonny Jurgensen,1970,1,2354
Norm Snead,1970,1,2323
Norm Snead,1972,2,2307
Norm Snead,1973,3,1483
Norm Snead,1975,4,1337
Johnny Unitas,1970,1,2213
Bill Nelsen,1970,1,2156
Bill Nelsen,1971,2,2319
Jack Concannon,1970,1,2130
Bob Griese,1970,1,2019
Bob Griese,1971,2,2089
Bob Griese,1973,3,1422
Bob Griese,1974,4,1968
Bob Griese,1975,5,1693
Bob Griese,1976,6,2097
Bob Griese,1977,7,2252
Bob Griese,1978,8,1791
Bob Griese,1979,9,2160
Len Dawson,1970,1,1876
Len Dawson,1971,2,2504
Len Dawson,1972,3,1835
Len Dawson,1974,4,1573
Craig Morton,1970,1,1819
Craig Morton,1971,2,1131
Craig Morton,1972,3,2396
Craig Morton,1974,4,1522
Craig Morton,1975,5,2359
Craig Morton,1976,6,1865
Craig Morton,1977,7,1929
Craig Morton,1978,8,1802
Craig Morton,1979,9,2626
Craig Morton,1980,10,2150
Craig Morton,1981,11,3195
Bob Berry,1970,1,1806
Bob Berry,1971,2,2005
Bob Berry,1972,3,2158
Gary Cuozzo,1970,1,1720
Charley Johnson,1970,1,1652
Charley Johnson,1972,2,1783
Charley Johnson,1973,3,2465
Charley Johnson,1974,4,1969
Virgil Carter,1970,1,1647
Virgil Carter,1971,2,1624
Bart Starr,1970,1,1645
Billy Kilmer,1970,1,1557
Billy Kilmer,1971,2,2221
Billy Kilmer,1972,3,1648
Billy Kilmer,1973,4,1656
Billy Kilmer,1974,5,1632
Billy Kilmer,1975,6,2440
Billy Kilmer,1976,7,1252
Terry Bradshaw,1970,1,1410
Terry Bradshaw,1971,2,2259
Terry Bradshaw,1972,3,1887
Terry Bradshaw,1973,4,1183
Terry Bradshaw,1975,5,2055
Terry Bradshaw,1976,6,1177
Terry Bradshaw,1977,7,2523
Terry Bradshaw,1978,8,2915
Terry Bradshaw,1979,9,3724
Terry Bradshaw,1980,10,3339
Terry Bradshaw,1981,11,2887
Terry Bradshaw,1982,12,1768
Pete Liske,1970,1,1340
Pete Liske,1971,2,1957
Al Woodall,1970,1,1265
Al Woodall,1973,2,1228
Joe Namath,1970,1,1259
Joe Namath,1972,2,2816
Joe Namath,1973,3,966
Joe Namath,1974,4,2616
Joe Namath,1975,5,2286
Greg Landry,1971,1,2237
Greg Landry,1972,2,2066
Greg Landry,1976,3,2191
Greg Landry,1977,4,1359
Greg Landry,1979,5,2932
Jim Plunkett,1971,1,2158
Jim Plunkett,1972,2,2196
Jim Plunkett,1973,3,2550
Jim Plunkett,1974,4,2457
Jim Plunkett,1976,5,1592
Jim Plunkett,1977,6,1693
Jim Plunkett,1980,7,2299
Jim Plunkett,1982,8,2035
Jim Plunkett,1983,9,2935
Jim Plunkett,1986,10,1986
Roger Staubach,1971,1,1882
Roger Staubach,1973,2,2428
Roger Staubach,1974,3,2552
Roger Staubach,1975,4,2666
Roger Staubach,1976,5,2715
Roger Staubach,1977,6,2620
Roger Staubach,1978,7,3190
Roger Staubach,1979,8,3586
Dan Pastorini,1971,1,1702
Dan Pastorini,1972,2,1711
Dan Pastorini,1973,3,1482
Dan Pastorini,1974,4,1571
Dan Pastorini,1975,5,2053
Dan Pastorini,1976,6,1795
Dan Pastorini,1977,7,1987
Dan Pastorini,1978,8,2473
Dan Pastorini,1979,9,2090
Scott Hunter,1971,1,1210
Scott Hunter,1972,2,1252
Earl Morrall,1971,1,1210
Earl Morrall,1972,2,1360
Edd Hargett,1971,1,1191
Bobby Douglass,1971,1,1164
Bobby Douglass,1972,2,1246
Bobby Douglass,1973,3,1057
Bobby Douglass,1976,4,1288
Archie Manning,1971,1,1164
Archie Manning,1972,2,2781
Archie Manning,1973,3,1642
Archie Manning,1974,4,1429
Archie Manning,1975,5,1683
Archie Manning,1977,6,1284
Archie Manning,1978,7,3416
Archie Manning,1979,8,3169
Archie Manning,1980,9,3716
Mike Phipps,1972,1,1994
Mike Phipps,1973,2,1719
Mike Phipps,1974,3,1384
Mike Phipps,1975,4,1749
Steve Spurrier,1972,1,1983
Steve Spurrier,1976,2,1628
Ken Anderson,1972,1,1918
Ken Anderson,1973,2,2428
Ken Anderson,1974,3,2667
Ken Anderson,1975,4,3169
Ken Anderson,1976,5,2367
Ken Anderson,1977,6,2145
Ken Anderson,1978,7,2219
Ken Anderson,1979,8,2340
Ken Anderson,1981,9,3754
Ken Anderson,1982,10,2495
Ken Anderson,1983,11,2333
Ken Anderson,1984,12,2107
John Reaves,1972,1,1508
Marty Domres,1972,1,1392
Marty Domres,1973,2,1153
Ken Stabler,1973,1,1997
Ken Stabler,1974,2,2469
Ken Stabler,1975,3,2296
Ken Stabler,1976,4,2737
Ken Stabler,1977,5,2176
Ken Stabler,1978,6,2944
Ken Stabler,1979,7,3615
Ken Stabler,1980,8,3202
Ken Stabler,1981,9,1988
Ken Stabler,1982,10,1343
Bob Lee,1973,1,1786
Randy Johnson,1973,1,1279
Bill Munson,1973,1,1129
Bill Munson,1974,2,1874
Dan Fouts,1973,1,1126
Dan Fouts,1974,2,1732
Dan Fouts,1975,3,1396
Dan Fouts,1976,4,2535
Dan Fouts,1978,5,2999
Dan Fouts,1979,6,4082
Dan Fouts,1980,7,4715
Dan Fouts,1981,8,4802
Dan Fouts,1982,9,2883
Dan Fouts,1983,10,2975
Dan Fouts,1984,11,3740
Dan Fouts,1985,12,3638
Dan Fouts,1986,13,3031
Dan Fouts,1987,14,2517
Gary Huff,1974,1,1663
Bert Jones,1974,1,1610
Bert Jones,1975,2,2483
Bert Jones,1976,3,3104
Bert Jones,1977,4,2686
Bert Jones,1980,5,3134
Bert Jones,1981,6,3094
Joe Ferguson,1974,1,1588
Joe Ferguson,1975,2,2426
Joe Ferguson,1977,3,2803
Joe Ferguson,1978,4,2136
Joe Ferguson,1979,5,3572
Joe Ferguson,1980,6,2805
Joe Ferguson,1981,7,3652
Joe Ferguson,1982,8,1597
Joe Ferguson,1983,9,2995
Joe Ferguson,1984,10,1991
James Harris,1974,1,1544
James Harris,1975,2,2148
James Harris,1976,3,1460
James Harris,1977,4,1240
Tom Owen,1974,1,1327
Joe Gilliam,1974,1,1274
Steve Grogan,1975,1,1976
Steve Grogan,1976,2,1903
Steve Grogan,1977,3,2162
Steve Grogan,1978,4,2824
Steve Grogan,1979,5,3286
Steve Grogan,1980,6,2475
Steve Grogan,1981,7,1859
Steve Grogan,1983,8,2411
Steve Bartkowski,1975,1,1662
Steve Bartkowski,1978,2,2489
Steve Bartkowski,1979,3,2505
Steve Bartkowski,1980,4,3544
Steve Bartkowski,1981,5,3829
Steve Bartkowski,1982,6,1905
Steve Bartkowski,1983,7,3167
Steve Bartkowski,1984,8,2158
Steve Ramsey,1975,1,1562
Steve Ramsey,1976,2,1931
Mike Livingston,1975,1,1245
Mike Livingston,1976,2,2682
Mike Livingston,1977,3,1823
Joe Reed,1975,1,1181
Jim Zorn,1976,1,2571
Jim Zorn,1977,2,1687
Jim Zorn,1978,3,3283
Jim Zorn,1979,4,3661
Jim Zorn,1980,5,3346
Jim Zorn,1981,6,2788
Jim Zorn,1982,7,1540
Brian Sipe,1976,1,2113
Brian Sipe,1977,2,1233
Brian Sipe,1978,3,2906
Brian Sipe,1979,4,3793
Brian Sipe,1980,5,4132
Brian Sipe,1981,6,3876
Brian Sipe,1983,7,3566
Bob Avellini,1976,1,1580
Bob Avellini,1977,2,2004
Bob Avellini,1978,3,1718
Lynn Dickey,1976,1,1465
Lynn Dickey,1977,2,1346
Lynn Dickey,1980,3,3529
Lynn Dickey,1981,4,2593
Lynn Dickey,1982,5,1790
Lynn Dickey,1983,6,4458
Lynn Dickey,1984,7,3195
Lynn Dickey,1985,8,2206
Mike Boryla,1976,1,1247
Ron Jaworski,1977,1,2183
Ron Jaworski,1978,2,2487
Ron Jaworski,1979,3,2669
Ron Jaworski,1980,4,3529
Ron Jaworski,1981,5,3095
Ron Jaworski,1982,6,2076
Ron Jaworski,1983,7,3315
Ron Jaworski,1984,8,2754
Ron Jaworski,1985,9,3450
Richard Todd,1977,1,1863
Richard Todd,1979,2,2660
Richard Todd,1980,3,3329
Richard Todd,1981,4,3231
Richard Todd,1982,5,1961
Richard Todd,1983,6,3478
Richard Todd,1984,7,2178
Pat Haden,1977,1,1551
Pat Haden,1978,2,2995
Pat Haden,1979,3,1854
Joe Pisarcik,1977,1,1346
Joe Pisarcik,1978,2,2096
Joe Theismann,1978,1,2593
Joe Theismann,1979,2,2797
Joe Theismann,1980,3,2962
Joe Theismann,1981,4,3568
Joe Theismann,1982,5,2033
Joe Theismann,1983,6,3714
Joe Theismann,1984,7,3391
Joe Theismann,1985,8,1774
Gary Danielson,1978,1,2294
Gary Danielson,1980,2,3223
Gary Danielson,1982,3,1343
Gary Danielson,1984,4,3076
David Whitehurst,1978,1,2093
David Whitehurst,1979,2,2247
Matt Robinson,1978,1,2002
Bill Troup,1978,1,1882
Steve DeBerg,1979,1,3652
Steve DeBerg,1982,2,1405
Steve DeBerg,1984,3,3554
Steve DeBerg,1985,4,2488
Steve DeBerg,1987,5,1891
Steve DeBerg,1988,6,2935
Steve DeBerg,1989,7,2529
Steve DeBerg,1990,8,3444
Steve DeBerg,1991,9,2965
Tommy Kramer,1979,1,3397
Tommy Kramer,1980,2,3582
Tommy Kramer,1981,3,3912
Tommy Kramer,1982,4,2037
Tommy Kramer,1985,5,3522
Tommy Kramer,1986,6,3000
Doug Williams,1979,1,2448
Doug Williams,1980,2,3396
Doug Williams,1981,3,3563
Doug Williams,1982,4,2071
Doug Williams,1988,5,2609
Jeff Komlo,1979,1,2238
Danny White,1980,1,3287
Danny White,1981,2,3098
Danny White,1982,3,2079
Danny White,1983,4,3980
Danny White,1985,5,3157
Danny White,1987,6,2617
Vince Ferragamo,1980,1,3199
Vince Ferragamo,1982,2,1609
Vince Ferragamo,1983,3,3276
Phil Simms,1980,1,2321
Phil Simms,1981,2,2031
Phil Simms,1984,3,4044
Phil Simms,1985,4,3829
Phil Simms,1986,5,3487
Phil Simms,1987,6,2230
Phil Simms,1988,7,3359
Phil Simms,1989,8,3061
Phil Simms,1990,9,2284
Phil Simms,1993,10,3038
Steve Fuller,1980,1,2250
Vince Evans,1980,1,2039
Vince Evans,1981,2,2354
Joe Montana,1981,1,3565
Joe Montana,1982,2,2613
Joe Montana,1983,3,3910
Joe Montana,1984,4,3630
Joe Montana,1985,5,3653
Joe Montana,1986,6,2236
Joe Montana,1987,7,3054
Joe Montana,1988,8,2981
Joe Montana,1989,9,3521
Joe Montana,1990,10,3944
Joe Montana,1993,11,2144
Joe Montana,1994,12,3283
David Woodley,1981,1,2470
David Woodley,1982,2,1080
Eric Hipple,1981,1,2358
Eric Hipple,1983,2,2577
Eric Hipple,1985,3,2952
Eric Hipple,1986,4,1919
Marc Wilson,1981,1,2311
Marc Wilson,1984,2,2151
Marc Wilson,1985,3,2608
Marc Wilson,1987,4,2070
Bill Kenney,1981,1,1983
Bill Kenney,1982,2,1192
Bill Kenney,1983,3,4348
Bill Kenney,1984,4,2098
Bill Kenney,1985,5,2536
Bill Kenney,1986,6,1922
Bill Kenney,1987,7,2107
Scott Brunner,1982,1,2017
Scott Brunner,1983,2,2516
Jim McMahon,1982,1,1501
Jim McMahon,1983,2,2184
Jim McMahon,1985,3,2392
Jim McMahon,1987,4,1639
Jim McMahon,1989,5,2132
Jim McMahon,1991,6,2239
Jim McMahon,1993,7,1968
Neil Lomax,1982,1,1367
Neil Lomax,1983,2,2636
Neil Lomax,1984,3,4614
Neil Lomax,1985,4,3214
Neil Lomax,1986,5,2583
Neil Lomax,1987,6,3387
Neil Lomax,1988,7,3395
Mike Pagel,1982,1,1281
Mike Pagel,1983,2,2353
Mike Pagel,1985,3,2414
Jack Thompson,1983,1,2906
Steve Dils,1983,1,2840
Cliff Stoudt,1983,1,2553
Dan Marino,1983,1,2210
Dan Marino,1984,2,5084
Dan Marino,1985,3,4137
Dan Marino,1986,4,4746
Dan Marino,1987,5,3245
Dan Marino,1988,6,4434
Dan Marino,1989,7,3997
Dan Marino,1990,8,3563
Dan Marino,1991,9,3970
Dan Marino,1992,10,4116
Dan Marino,1994,11,4453
Dan Marino,1995,12,3668
Dan Marino,1996,13,2795
Dan Marino,1997,14,3780
Dan Marino,1998,15,3497
Dan Marino,1999,16,2448
Dave Krieg,1983,1,2139
Dave Krieg,1984,2,3671
Dave Krieg,1985,3,3602
Dave Krieg,1986,4,2921
Dave Krieg,1987,5,2131
Dave Krieg,1988,6,1741
Dave Krieg,1989,7,3309
Dave Krieg,1990,8,3194
Dave Krieg,1991,9,2080
Dave Krieg,1992,10,3115
Dave Krieg,1994,11,1629
Dave Krieg,1995,12,3554
Paul McDonald,1984,1,3472
Warren Moon,1984,1,3338
Warren Moon,1985,2,2709
Warren Moon,1986,3,3489
Warren Moon,1987,4,2806
Warren Moon,1988,5,2327
Warren Moon,1989,6,3631
Warren Moon,1990,7,4689
Warren Moon,1991,8,4690
Warren Moon,1992,9,2521
Warren Moon,1993,10,3485
Warren Moon,1994,11,4264
Warren Moon,1995,12,4228
Warren Moon,1997,13,3678
Tony Eason,1984,1,3228
Tony Eason,1985,2,2156
Tony Eason,1986,3,3328
John Elway,1984,1,2598
John Elway,1985,2,3891
John Elway,1986,3,3485
John Elway,1987,4,3198
John Elway,1988,5,3309
John Elway,1989,6,3051
John Elway,1990,7,3526
John Elway,1991,8,3253
John Elway,1992,9,2242
John Elway,1993,10,4030
John Elway,1994,11,3490
John Elway,1995,12,3970
John Elway,1996,13,3328
John Elway,1997,14,3635
John Elway,1998,15,2806
Gary Hogeboom,1984,1,2366
Gary Hogeboom,1989,2,2591
Mark Malone,1984,1,2137
Mark Malone,1986,2,2444
Mark Malone,1987,3,1896
Jeff Kemp,1984,1,2021
Pat Ryan,1984,1,1939
Ken O'Brien,1985,1,3888
Ken O'Brien,1986,2,3690
Ken O'Brien,1987,3,2696
Ken O'Brien,1988,4,2567
Ken O'Brien,1989,5,3346
Ken O'Brien,1990,6,2855
Ken O'Brien,1991,7,3300
Boomer Esiason,1985,1,3443
Boomer Esiason,1986,2,3959
Boomer Esiason,1987,3,3321
Boomer Esiason,1988,4,3572
Boomer Esiason,1989,5,3525
Boomer Esiason,1990,6,3031
Boomer Esiason,1991,7,2883
Boomer Esiason,1993,8,3421
Boomer Esiason,1994,9,2782
Boomer Esiason,1996,10,2293
Dieter Brock,1985,1,2658
David Archer,1985,1,1992
David Archer,1986,2,2007
Dave Wilson,1985,1,1843
Dave Wilson,1986,2,2353
Jay Schroeder,1986,1,4109
Jay Schroeder,1987,2,1878
Jay Schroeder,1988,3,1839
Jay Schroeder,1990,4,2849
Jay Schroeder,1991,5,2562
Jay Schroeder,1992,6,1476
Bernie Kosar,1986,1,3854
Bernie Kosar,1987,2,3033
Bernie Kosar,1988,3,1890
Bernie Kosar,1989,4,3533
Bernie Kosar,1990,5,2562
Bernie Kosar,1991,6,3487
Jim Kelly,1986,1,3593
Jim Kelly,1987,2,2798
Jim Kelly,1988,3,3380
Jim Kelly,1989,4,3130
Jim Kelly,1990,5,2829
Jim Kelly,1991,6,3844
Jim Kelly,1992,7,3457
Jim Kelly,1993,8,3382
Jim Kelly,1994,9,3114
Jim Kelly,1995,10,3130
Jim Kelly,1996,11,2810
Randy Wright,1986,1,3247
Steve Pelluer,1986,1,2727
Steve Pelluer,1988,2,3139
Steve Young,1986,1,2282
Steve Young,1991,2,2517
Steve Young,1992,3,3465
Steve Young,1993,4,4023
Steve Young,1994,5,3969
Steve Young,1995,6,3200
Steve Young,1996,7,2410
Steve Young,1997,8,3029
Steve Young,1998,9,4170
Jack Trudeau,1986,1,2225
Jack Trudeau,1989,2,2317
Randall Cunningham,1987,1,2786
Randall Cunningham,1988,2,3808
Randall Cunningham,1989,3,3400
Randall Cunningham,1990,4,3466
Randall Cunningham,1992,5,2775
Randall Cunningham,1994,6,3229
Randall Cunningham,1998,7,3704
Chuck Long,1987,1,2598
Bobby Hebert,1987,1,2119
Bobby Hebert,1988,2,3156
Bobby Hebert,1989,3,2686
Bobby Hebert,1992,4,3287
Bobby Hebert,1993,5,2978
Bobby Hebert,1996,6,3152
Wade Wilson,1987,1,2106
Wade Wilson,1988,2,2746
Wade Wilson,1989,3,2543
Wade Wilson,1993,4,2457
Jim Everett,1987,1,2064
Jim Everett,1988,2,3964
Jim Everett,1989,3,4310
Jim Everett,1990,4,3989
Jim Everett,1991,5,3438
Jim Everett,1992,6,3323
Jim Everett,1994,7,3855
Jim Everett,1995,8,3970
Jim Everett,1996,9,2797
Scott Campbell,1987,1,1728
Vinny Testaverde,1988,1,3240
Vinny Testaverde,1989,2,3133
Vinny Testaverde,1990,3,2818
Vinny Testaverde,1991,4,1994
Vinny Testaverde,1992,5,2554
Vinny Testaverde,1993,6,1797
Vinny Testaverde,1994,7,2575
Vinny Testaverde,1995,8,2883
Vinny Testaverde,1996,9,4177
Vinny Testaverde,1997,10,2971
Vinny Testaverde,1998,11,3256
Vinny Testaverde,2000,12,3732
Vinny Testaverde,2001,13,2752
Vinny Testaverde,2004,14,3532
Bubby Brister,1988,1,2634
Bubby Brister,1989,2,2365
Bubby Brister,1990,3,2725
Bubby Brister,1993,4,1905
Chris Miller,1988,1,2133
Chris Miller,1989,2,3459
Chris Miller,1990,3,2735
Chris Miller,1991,4,3103
Chris Miller,1992,5,1739
Chris Miller,1994,6,2104
Chris Miller,1995,7,2623
Don Majkowski,1988,1,2119
Don Majkowski,1989,2,4318
Mark Rypien,1988,1,1730
Mark Rypien,1989,2,3768
Mark Rypien,1990,3,2070
Mark Rypien,1991,4,3564
Mark Rypien,1992,5,3282
Steve Beuerlein,1988,1,1643
Steve Beuerlein,1993,2,3164
Steve Beuerlein,1998,3,2613
Steve Beuerlein,1999,4,4436
Steve Beuerlein,2000,5,3730
Mike Tomczak,1989,1,2058
Mike Tomczak,1992,2,1693
Mike Tomczak,1996,3,2767
Troy Aikman,1989,1,1749
Troy Aikman,1990,2,2579
Troy Aikman,1991,3,2754
Troy Aikman,1992,4,3445
Troy Aikman,1993,5,3100
Troy Aikman,1994,6,2676
Troy Aikman,1995,7,3304
Troy Aikman,1996,8,3126
Troy Aikman,1997,9,3283
Troy Aikman,1998,10,2330
Troy Aikman,1999,11,2964
Timm Rosenbach,1990,1,3098
Billy Joe Tolliver,1990,1,2574
Rich Gannon,1990,1,2278
Rich Gannon,1991,2,2166
Rich Gannon,1992,3,1905
Rich Gannon,1998,4,2305
Rich Gannon,1999,5,3840
Rich Gannon,2000,6,3430
Rich Gannon,2001,7,3828
Rich Gannon,2002,8,4689
Jim Harbaugh,1990,1,2178
Jim Harbaugh,1991,2,3121
Jim Harbaugh,1992,3,2486
Jim Harbaugh,1993,4,2002
Jim Harbaugh,1995,5,2575
Jim Harbaugh,1996,6,2630
Jim Harbaugh,1997,7,2060
Jim Harbaugh,1998,8,1839
Jim Harbaugh,1999,9,2761
Jeff George,1990,1,2152
Jeff George,1991,2,2910
Jeff George,1992,3,1963
Jeff George,1993,4,2526
Jeff George,1994,5,3734
Jeff George,1995,6,4143
Jeff George,1997,7,3917
Jeff George,1999,8,2816
Steve Walsh,1990,1,2010
Steve Walsh,1994,2,2078
Hugh Millen,1991,1,3073
John Friesz,1991,1,2896
Tom Tupa,1991,1,2053
Jeff Hostetler,1991,1,2032
Jeff Hostetler,1993,2,3242
Jeff Hostetler,1994,3,3334
Jeff Hostetler,1996,4,2548
Neil O'Donnell,1991,1,1963
Neil O'Donnell,1992,2,2283
Neil O'Donnell,1993,3,3208
Neil O'Donnell,1994,4,2443
Neil O'Donnell,1995,5,2970
Neil O'Donnell,1997,6,2796
Neil O'Donnell,1998,7,2216
Stan Humphries,1992,1,3356
Stan Humphries,1993,2,1981
Stan Humphries,1994,3,3209
Stan Humphries,1995,4,3381
Stan Humphries,1996,5,2670
Brett Favre,1992,1,3227
Brett Favre,1993,2,3303
Brett Favre,1994,3,3882
Brett Favre,1995,4,4413
Brett Favre,1996,5,3899
Brett Favre,1997,6,3867
Brett Favre,1998,7,4212
Brett Favre,1999,8,4091
Brett Favre,2000,9,3812
Brett Favre,2001,10,3921
Brett Favre,2002,11,3658
Brett Favre,2003,12,3361
Brett Favre,2004,13,4088
Brett Favre,2005,14,3881
Brett Favre,2006,15,3885
Brett Favre,2007,16,4155
Brett Favre,2008,17,3472
Brett Favre,2009,18,4202
Brett Favre,2010,19,2509
Chris Chandler,1992,1,2832
Chris Chandler,1997,2,2692
Chris Chandler,1998,3,3154
Chris Chandler,1999,4,2339
Chris Chandler,2000,5,2236
Chris Chandler,2001,6,2847
Browning Nagle,1992,1,2280
Cody Carlson,1992,1,1710
Rodney Peete,1992,1,1702
Rodney Peete,2002,2,2630
Craig Erickson,1993,1,3054
Craig Erickson,1994,2,2919
Rick Mirer,1993,1,2833
Rick Mirer,1994,2,2151
Rick Mirer,1995,3,2564
Drew Bledsoe,1993,1,2494
Drew Bledsoe,1994,2,4555
Drew Bledsoe,1995,3,3507
Drew Bledsoe,1996,4,4086
Drew Bledsoe,1997,5,3706
Drew Bledsoe,1998,6,3633
Drew Bledsoe,1999,7,3985
Drew Bledsoe,2000,8,3291
Drew Bledsoe,2002,9,4359
Drew Bledsoe,2003,10,2860
Drew Bledsoe,2004,11,2932
Drew Bledsoe,2005,12,3639
David Klingler,1993,1,1935
Scott Mitchell,1993,1,1773
Scott Mitchell,1995,2,4338
Scott Mitchell,1996,3,2917
Scott Mitchell,1997,4,3484
Dave Brown,1994,1,2536
Dave Brown,1995,2,2814
Dave Brown,1996,3,2412
Jeff Blake,1994,1,2154
Jeff Blake,1995,2,3822
Jeff Blake,1996,3,3624
Jeff Blake,1997,4,2125
Jeff Blake,1999,5,2670
Jeff Blake,2000,6,2025
Jeff Blake,2003,7,2247
Heath Shuler,1994,1,1658
Erik Kramer,1995,1,3838
Erik Kramer,1997,2,3011
Erik Kramer,1998,3,1823
Steve Bono,1995,1,3121
Steve Bono,1996,2,2572
Trent Dilfer,1995,1,2774
Trent Dilfer,1996,2,2859
Trent Dilfer,1997,3,2555
Trent Dilfer,1998,4,2729
Trent Dilfer,2005,5,2321
Gus Frerotte,1995,1,2751
Gus Frerotte,1996,2,3453
Gus Frerotte,1997,3,2682
Gus Frerotte,1999,4,2117
Gus Frerotte,2005,5,2996
Kerry Collins,1995,1,2717
Kerry Collins,1996,2,2454
Kerry Collins,1997,3,2124
Kerry Collins,1998,4,2213
Kerry Collins,1999,5,2318
Kerry Collins,2000,6,3610
Kerry Collins,2001,7,3764
Kerry Collins,2002,8,4073
Kerry Collins,2003,9,3110
Kerry Collins,2004,10,3495
Kerry Collins,2005,11,3759
Kerry Collins,2008,12,2676
Mark Brunell,1996,1,4367
Mark Brunell,1997,2,3281
Mark Brunell,1998,3,2601
Mark Brunell,1999,4,3060
Mark Brunell,2000,5,3640
Mark Brunell,2001,6,3309
Mark Brunell,2002,7,2788
Mark Brunell,2005,8,3050
Ty Detmer,1996,1,2911
Tony Banks,1996,1,2544
Tony Banks,1997,2,3254
Tony Banks,1998,3,2535
Tony Banks,1999,4,2136
Brad Johnson,1997,1,3036
Brad Johnson,1999,2,4005
Brad Johnson,2000,3,2505
Brad Johnson,2001,4,3406
Brad Johnson,2002,5,3049
Brad Johnson,2003,6,3811
Brad Johnson,2006,7,2750
Kordell Stewart,1997,1,3020
Kordell Stewart,1998,2,2560
Kordell Stewart,2001,3,3109
Steve McNair,1997,1,2665
Steve McNair,1998,2,3228
Steve McNair,1999,3,2179
Steve McNair,2000,4,2847
Steve McNair,2001,5,3350
Steve McNair,2002,6,3387
Steve McNair,2003,7,3215
Steve McNair,2005,8,3161
Steve McNair,2006,9,3050
Todd Collins,1997,1,2367
Jake Plummer,1997,1,2203
Jake Plummer,1998,2,3737
Jake Plummer,1999,3,2111
Jake Plummer,2000,4,2946
Jake Plummer,2001,5,3653
Jake Plummer,2002,6,2972
Jake Plummer,2003,7,2182
Jake Plummer,2004,8,4089
Jake Plummer,2005,9,3366
Peyton Manning,1998,1,3739
Peyton Manning,1999,2,4135
Peyton Manning,2000,3,4413
Peyton Manning,2001,4,4131
Peyton Manning,2002,5,4200
Peyton Manning,2003,6,4267
Peyton Manning,2004,7,4557
Peyton Manning,2005,8,3747
Peyton Manning,2006,9,4397
Peyton Manning,2007,10,4040
Peyton Manning,2008,11,4002
Peyton Manning,2009,12,4500
Peyton Manning,2010,13,4700
Peyton Manning,2012,14,4659
Peyton Manning,2013,15,5477
Peyton Manning,2014,16,4727
Trent Green,1998,1,3441
Trent Green,2000,2,2063
Trent Green,2001,3,3783
Trent Green,2002,4,3690
Trent Green,2003,5,4039
Trent Green,2004,6,4591
Trent Green,2005,7,4014
Doug Flutie,1998,1,2711
Doug Flutie,1999,2,3171
Doug Flutie,2001,3,3464
Charlie Batch,1998,1,2178
Charlie Batch,2000,2,2489
Kurt Warner,1999,1,4353
Kurt Warner,2000,2,3429
Kurt Warner,2001,3,4830
Kurt Warner,2005,4,2713
Kurt Warner,2007,5,3417
Kurt Warner,2008,6,4583
Kurt Warner,2009,7,3753
Elvis Grbac,1999,1,3389
Elvis Grbac,2000,2,4169
Elvis Grbac,2001,3,3033
Jon Kitna,1999,1,3346
Jon Kitna,2000,2,2658
Jon Kitna,2001,3,3216
Jon Kitna,2002,4,3178
Jon Kitna,2003,5,3591
Jon Kitna,2006,6,4208
Jon Kitna,2007,7,4068
Brian Griese,1999,1,3032
Brian Griese,2000,2,2688
Brian Griese,2001,3,2827
Brian Griese,2002,4,3214
Brian Griese,2004,5,2632
Brian Griese,2007,6,1803
Jeff Garcia,1999,1,2544
Jeff Garcia,2000,2,4278
Jeff Garcia,2001,3,3538
Jeff Garcia,2002,4,3344
Jeff Garcia,2003,5,2704
Jeff Garcia,2007,6,2440
Jeff Garcia,2008,7,2712
Tim Couch,1999,1,2447
Tim Couch,2001,2,3040
Tim Couch,2002,3,2842
Daunte Culpepper,2000,1,3937
Daunte Culpepper,2001,2,2612
Daunte Culpepper,2002,3,3853
Daunte Culpepper,2003,4,3479
Daunte Culpepper,2004,5,4717
Donovan McNabb,2000,1,3365
Donovan McNabb,2001,2,3233
Donovan McNabb,2003,3,3216
Donovan McNabb,2004,4,3875
Donovan McNabb,2005,5,2507
Donovan McNabb,2006,6,2647
Donovan McNabb,2007,7,3324
Donovan McNabb,2008,8,3916
Donovan McNabb,2009,9,3553
Donovan McNabb,2010,10,3377
Shaun King,2000,1,2769
Jay Fiedler,2000,1,2402
Jay Fiedler,2001,2,3290
Jay Fiedler,2003,3,2138
Rob Johnson,2000,1,2125
Aaron Brooks,2001,1,3832
Aaron Brooks,2002,2,3572
Aaron Brooks,2003,3,3546
Aaron Brooks,2004,4,3810
Aaron Brooks,2005,5,2882
Chris Weinke,2001,1,2931
Tom Brady,2001,1,2843
Tom Brady,2002,2,3764
Tom Brady,2003,3,3620
Tom Brady,2004,4,3692
Tom Brady,2005,5,4110
Tom Brady,2006,6,3529
Tom Brady,2007,7,4806
Tom Brady,2009,8,4398
Tom Brady,2010,9,3900
Tom Brady,2011,10,5235
Tom Brady,2012,11,4827
Tom Brady,2013,12,4343
Tom Brady,2014,13,4109
Tom Brady,2015,14,4770
Tom Brady,2016,15,3554
Tom Brady,2017,16,4577
Tom Brady,2018,17,4355
Tom Brady,2019,18,4057
Tom Brady,2020,19,4633
Tom Brady,2021,20,5316
Tom Brady,2022,21,4694
Drew Brees,2002,1,3284
Drew Brees,2004,2,3159
Drew Brees,2005,3,3576
Drew Brees,2006,4,4418
Drew Brees,2007,5,4423
Drew Brees,2008,6,5069
Drew Brees,2009,7,4388
Drew Brees,2010,8,4620
Drew Brees,2011,9,5476
Drew Brees,2012,10,5177
Drew Brees,2013,11,5162
Drew Brees,2014,12,4952
Drew Brees,2015,13,4870
Drew Brees,2016,14,5208
Drew Brees,2017,15,4334
Drew Brees,2018,16,3992
Drew Brees,2020,17,2942
Chad Pennington,2002,1,3120
Chad Pennington,2003,2,2139
Chad Pennington,2004,3,2673
Chad Pennington,2006,4,3352
Chad Pennington,2008,5,3653
Matt Hasselbeck,2002,1,3075
Matt Hasselbeck,2003,2,3841
Matt Hasselbeck,2004,3,3382
Matt Hasselbeck,2005,4,3459
Matt Hasselbeck,2006,5,2442
Matt Hasselbeck,2007,6,3966
Matt Hasselbeck,2009,7,3029
Matt Hasselbeck,2010,8,3001
Matt Hasselbeck,2011,9,3571
Mike Vick,2002,1,2936
Mike Vick,2005,2,2412
Mike Vick,2006,3,2474
Mike Vick,2010,4,3018
Mike Vick,2011,5,3303
Tommy Maddox,2002,1,2836
Tommy Maddox,2003,2,3414
David Carr,2002,1,2592
David Carr,2004,2,3531
David Carr,2005,3,2488
David Carr,2006,4,2767
Joey Harrington,2002,1,2294
Joey Harrington,2003,2,2880
Joey Harrington,2004,3,3047
Joey Harrington,2006,4,2236
Joey Harrington,2007,5,2215
Marc Bulger,2003,1,3845
Marc Bulger,2004,2,3964
Marc Bulger,2005,3,2297
Marc Bulger,2006,4,4301
Marc Bulger,2007,5,2392
Marc Bulger,2008,6,2720
Quincy Carter,2003,1,3302
Jake Delhomme,2003,1,3219
Jake Delhomme,2004,2,3886
Jake Delhomme,2005,3,3421
Jake Delhomme,2006,4,2805
Jake Delhomme,2008,5,3288
Byron Leftwich,2003,1,2819
Byron Leftwich,2004,2,2941
Byron Leftwich,2005,3,2123
Patrick Ramsey,2003,1,2166
Carson Palmer,2004,1,2897
Carson Palmer,2005,2,3836
Carson Palmer,2006,3,4035
Carson Palmer,2007,4,4131
Carson Palmer,2009,5,3094
Carson Palmer,2010,6,3970
Carson Palmer,2011,7,2753
Carson Palmer,2012,8,4018
Carson Palmer,2013,9,4274
Carson Palmer,2015,10,4671
Carson Palmer,2016,11,4233
Ben Roethlisberger,2004,1,2621
Ben Roethlisberger,2005,2,2385
Ben Roethlisberger,2006,3,3513
Ben Roethlisberger,2007,4,3154
Ben Roethlisberger,2008,5,3301
Ben Roethlisberger,2009,6,4328
Ben Roethlisberger,2010,7,3200
Ben Roethlisberger,2011,8,4077
Ben Roethlisberger,2012,9,3265
Ben Roethlisberger,2013,10,4261
Ben Roethlisberger,2014,11,4952
Ben Roethlisberger,2015,12,3938
Ben Roethlisberger,2016,13,3819
Ben Roethlisberger,2017,14,4251
Ben Roethlisberger,2018,15,5129
Ben Roethlisberger,2020,16,3803
Ben Roethlisberger,2021,17,3740
Kyle Boller,2004,1,2559
Josh McCown,2004,1,2511
Josh McCown,2017,2,2926
Billy Volek,2004,1,2486
Eli Manning,2005,1,3762
Eli Manning,2006,2,3244
Eli Manning,2007,3,3336
Eli Manning,2008,4,3238
Eli Manning,2009,5,4021
Eli Manning,2010,6,4002
Eli Manning,2011,7,4933
Eli Manning,2012,8,3948
Eli Manning,2013,9,3818
Eli Manning,2014,10,4410
Eli Manning,2015,11,4432
Eli Manning,2016,12,4027
Eli Manning,2017,13,3468
Eli Manning,2018,14,4299
Chris Simms,2005,1,2035
Philip Rivers,2006,1,3388
Philip Rivers,2007,2,3152
Philip Rivers,2008,3,4009
Philip Rivers,2009,4,4254
Philip Rivers,2010,5,4710
Philip Rivers,2011,6,4624
Philip Rivers,2012,7,3606
Philip Rivers,2013,8,4478
Philip Rivers,2014,9,4286
Philip Rivers,2015,10,4792
Philip Rivers,2016,11,4386
Philip Rivers,2017,12,4515
Philip Rivers,2018,13,4308
Philip Rivers,2019,14,4615
Philip Rivers,2020,15,4169
Rex Grossman,2006,1,3193
Rex Grossman,2011,2,3151
J.P. Losman,2006,1,3051
Tony Romo,2006,1,2903
Tony Romo,2007,2,4211
Tony Romo,2008,3,3448
Tony Romo,2009,4,4483
Tony Romo,2011,5,4184
Tony Romo,2012,6,4903
Tony Romo,2013,7,3828
Tony Romo,2014,8,3705
Alex Smith,2006,1,2890
Alex Smith,2009,2,2350
Alex Smith,2011,3,3144
Alex Smith,2013,4,3313
Alex Smith,2014,5,3265
Alex Smith,2015,6,3486
Alex Smith,2016,7,3502
Alex Smith,2017,8,4042
Matt Leinart,2006,1,2547
Charlie Frye,2006,1,2454
Derek Anderson,2007,1,3787
Jay Cutler,2007,1,3497
Jay Cutler,2008,2,4526
Jay Cutler,2009,3,3666
Jay Cutler,2010,4,3274
Jay Cutler,2011,5,2319
Jay Cutler,2012,6,3033
Jay Cutler,2013,7,2621
Jay Cutler,2014,8,3812
Jay Cutler,2015,9,3659
Jason Campbell,2007,1,2700
Jason Campbell,2008,2,3245
Jason Campbell,2009,3,3618
Vince Young,2007,1,2546
David Garrard,2007,1,2509
David Garrard,2008,2,3620
David Garrard,2009,3,3597
David Garrard,2010,4,2734
Damon Huard,2007,1,2257
Matt Schaub,2007,1,2241
Matt Schaub,2008,2,3043
Matt Schaub,2009,3,4770
Matt Schaub,2010,4,4370
Matt Schaub,2011,5,2479
Matt Schaub,2012,6,4008
Tarvaris Jackson,2007,1,1911
Tarvaris Jackson,2011,2,3091
Aaron Rodgers,2008,1,4038
Aaron Rodgers,2009,2,4434
Aaron Rodgers,2010,3,3922
Aaron Rodgers,2011,4,4643
Aaron Rodgers,2012,5,4295
Aaron Rodgers,2013,6,2536
Aaron Rodgers,2014,7,4381
Aaron Rodgers,2015,8,3821
Aaron Rodgers,2016,9,4428
Aaron Rodgers,2018,10,4442
Aaron Rodgers,2019,11,4002
Aaron Rodgers,2020,12,4299
Aaron Rodgers,2021,13,4115
Aaron Rodgers,2022,14,3695
Matt Cassel,2008,1,3693
Matt Cassel,2009,2,2924
Matt Cassel,2010,3,3116
Matt Ryan,2008,1,3440
Matt Ryan,2009,2,2916
Matt Ryan,2010,3,3705
Matt Ryan,2011,4,4177
Matt Ryan,2012,5,4719
Matt Ryan,2013,6,4515
Matt Ryan,2014,7,4694
Matt Ryan,2015,8,4591
Matt Ryan,2016,9,4944
Matt Ryan,2017,10,4095
Matt Ryan,2018,11,4924
Matt Ryan,2019,12,4466
Matt Ryan,2020,13,4581
Matt Ryan,2021,14,3968
Matt Ryan,2022,15,3057
Kyle Orton,2008,1,2972
Kyle Orton,2009,2,3802
Kyle Orton,2010,3,3653
Kyle Orton,2014,4,3018
Joe Flacco,2008,1,2971
Joe Flacco,2009,2,3613
Joe Flacco,2010,3,3622
Joe Flacco,2011,4,3610
Joe Flacco,2012,5,3817
Joe Flacco,2013,6,3912
Joe Flacco,2014,7,3986
Joe Flacco,2015,8,2791
Joe Flacco,2016,9,4317
Joe Flacco,2017,10,3141
Trent Edwards,2008,1,2699
Tyler Thigpen,2008,1,2608
Chad Henne,2009,1,2878
Chad Henne,2010,2,3301
Chad Henne,2013,3,3241
Mark Sanchez,2009,1,2444
Mark Sanchez,2010,2,3291
Mark Sanchez,2011,3,3474
Matthew Stafford,2009,1,2267
Matthew Stafford,2011,2,5038
Matthew Stafford,2012,3,4967
Matthew Stafford,2013,4,4650
Matthew Stafford,2014,5,4257
Matthew Stafford,2015,6,4262
Matthew Stafford,2016,7,4327
Matthew Stafford,2017,8,4446
Matthew Stafford,2018,9,3777
Matthew Stafford,2020,10,4084
Matthew Stafford,2021,11,4886
Matthew Stafford,2023,12,3965
Sam Bradford,2010,1,3512
Sam Bradford,2012,2,3702
Sam Bradford,2015,3,3725
Sam Bradford,2016,4,3877
Josh Freeman,2010,1,3451
Josh Freeman,2011,2,3592
Josh Freeman,2012,3,4065
Ryan Fitzpatrick,2010,1,3000
Ryan Fitzpatrick,2011,2,3832
Ryan Fitzpatrick,2012,3,3400
Ryan Fitzpatrick,2015,4,3905
Ryan Fitzpatrick,2019,5,3529
Shaun Hill,2010,1,2686
Cam Newton,2011,1,4051
Cam Newton,2012,2,3869
Cam Newton,2013,3,3379
Cam Newton,2014,4,3127
Cam Newton,2015,5,3837
Cam Newton,2016,6,3509
Cam Newton,2017,7,3302
Cam Newton,2018,8,3395
Cam Newton,2020,9,2657
Andy Dalton,2011,1,3398
Andy Dalton,2012,2,3669
Andy Dalton,2013,3,4293
Andy Dalton,2014,4,3398
Andy Dalton,2015,5,3250
Andy Dalton,2016,6,4206
Andy Dalton,2017,7,3320
Andy Dalton,2018,8,2566
Andy Dalton,2019,9,3494
Andy Dalton,2022,10,2871
Colt McCoy,2011,1,2733
Matt Moore,2011,1,2497
Andrew Luck,2012,1,4374
Andrew Luck,2013,2,3822
Andrew Luck,2014,3,4761
Andrew Luck,2016,4,4240
Andrew Luck,2018,5,4593
Brandon Weeden,2012,1,3385
Ryan Tannehill,2012,1,3294
Ryan Tannehill,2013,2,3913
Ryan Tannehill,2014,3,4045
Ryan Tannehill,2015,4,4208
Ryan Tannehill,2020,5,3819
Ryan Tannehill,2021,6,3734
Ryan Tannehill,2022,7,2536
Robert Griffin III,2012,1,3200
Robert Griffin III,2013,2,3203
Russell Wilson,2012,1,3118
Russell Wilson,2013,2,3357
Russell Wilson,2014,3,3475
Russell Wilson,2015,4,4024
Russell Wilson,2016,5,4219
Russell Wilson,2017,6,3983
Russell Wilson,2018,7,3448
Russell Wilson,2019,8,4110
Russell Wilson,2020,9,4212
Russell Wilson,2021,10,3113
Russell Wilson,2022,11,3524
Russell Wilson,2023,12,3070
Christian Ponder,2012,1,2935
Colin Kaepernick,2013,1,3197
Colin Kaepernick,2014,2,3369
Geno Smith,2013,1,3046
Geno Smith,2014,2,2525
Geno Smith,2022,3,4282
Geno Smith,2023,4,3624
Nick Foles,2013,1,2891
Mike Glennon,2013,1,2608
Brian Hoyer,2014,1,3326
Derek Carr,2014,1,3270
Derek Carr,2015,2,3987
Derek Carr,2016,3,3937
Derek Carr,2017,4,3496
Derek Carr,2018,5,4049
Derek Carr,2019,6,4054
Derek Carr,2020,7,4103
Derek Carr,2021,8,4804
Derek Carr,2022,9,3522
Derek Carr,2023,10,3878
Teddy Bridgewater,2014,1,2919
Teddy Bridgewater,2015,2,3231
Teddy Bridgewater,2020,3,3733
Teddy Bridgewater,2021,4,3052
Blake Bortles,2014,1,2908
Blake Bortles,2015,2,4428
Blake Bortles,2016,3,3905
Blake Bortles,2017,4,3687
Blake Bortles,2018,5,2718
Kirk Cousins,2015,1,4166
Kirk Cousins,2016,2,4917
Kirk Cousins,2017,3,4093
Kirk Cousins,2018,4,4298
Kirk Cousins,2019,5,3603
Kirk Cousins,2020,6,4265
Kirk Cousins,2021,7,4221
Kirk Cousins,2022,8,4547
Kirk Cousins,2023,9,2331
Jameis Winston,2015,1,4042
Jameis Winston,2016,2,4090
Jameis Winston,2017,3,3504
Jameis Winston,2018,4,2992
Jameis Winston,2019,5,5109
Tyrod Taylor,2015,1,3035
Tyrod Taylor,2016,2,3023
Tyrod Taylor,2017,3,2799
Marcus Mariota,2015,1,2818
Marcus Mariota,2016,2,3426
Marcus Mariota,2017,3,3232
Carson Wentz,2016,1,3782
Carson Wentz,2017,2,3296
Carson Wentz,2018,3,3074
Carson Wentz,2019,4,4039
Carson Wentz,2020,5,2620
Carson Wentz,2021,6,3563
Dak Prescott,2016,1,3667
Dak Prescott,2017,2,3324
Dak Prescott,2018,3,3885
Dak Prescott,2019,4,4902
Dak Prescott,2021,5,4449
Dak Prescott,2022,6,2860
Dak Prescott,2023,7,4516
Trevor Siemian,2016,1,3401
Jared Goff,2017,1,3804
Jared Goff,2018,2,4688
Jared Goff,2019,3,4638
Jared Goff,2020,4,3952
Jared Goff,2021,5,3245
Jared Goff,2022,6,4438
Jared Goff,2023,7,4575
Case Keenum,2017,1,3547
Case Keenum,2018,2,3890
Jacoby Brissett,2017,1,3098
Jacoby Brissett,2022,2,2608
DeShone Kizer,2017,1,2894
Patrick Mahomes,2018,1,5097
Patrick Mahomes,2019,2,4031
Patrick Mahomes,2020,3,4740
Patrick Mahomes,2021,4,4839
Patrick Mahomes,2022,5,5250
Patrick Mahomes,2023,6,4183
Deshaun Watson,2018,1,4165
Deshaun Watson,2019,2,3852
Deshaun Watson,2020,3,4823
Baker Mayfield,2018,1,3725
Baker Mayfield,2019,2,3827
Baker Mayfield,2020,3,3563
Baker Mayfield,2021,4,3010
Baker Mayfield,2023,5,4044
Mitchell Trubisky,2018,1,3223
Mitchell Trubisky,2019,2,3138
Sam Darnold,2018,1,2865
Sam Darnold,2019,2,3024
Jimmy Garoppolo,2019,1,3978
Jimmy Garoppolo,2021,2,3810
Jimmy Garoppolo,2022,3,2437
Kyler Murray,2019,1,3722
Kyler Murray,2020,2,3971
Kyler Murray,2021,3,3787
Kyler Murray,2022,4,2368
Kyle Allen,2019,1,3322
Gardner Minshew,2019,1,3271
Gardner Minshew,2023,2,3305
Lamar Jackson,2019,1,3127
Lamar Jackson,2020,2,2757
Lamar Jackson,2021,3,2882
Lamar Jackson,2023,4,3678
Josh Allen,2019,1,3089
Josh Allen,2020,2,4544
Josh Allen,2021,3,4407
Josh Allen,2022,4,4283
Josh Allen,2023,5,4306
Daniel Jones,2019,1,3027
Daniel Jones,2020,2,2943
Daniel Jones,2022,3,3205
Justin Herbert,2020,1,4336
Justin Herbert,2021,2,5014
Justin Herbert,2022,3,4739
Justin Herbert,2023,4,3134
Drew Lock,2020,1,2933
Joe Burrow,2020,1,2688
Joe Burrow,2021,2,4611
Joe Burrow,2022,3,4475
Joe Burrow,2023,4,2309
Mac Jones,2021,1,3801
Mac Jones,2022,2,2997
Trevor Lawrence,2021,1,3641
Trevor Lawrence,2022,2,4113
Trevor Lawrence,2023,3,4016
Taylor Heinicke,2021,1,3419
Jalen Hurts,2021,1,3144
Jalen Hurts,2022,2,3701
Jalen Hurts,2023,3,3858
Tua Tagovailoa,2022,1,3548
Tua Tagovailoa,2023,2,4624
Davis Mills,2022,1,3118
Kenny Pickett,2022,1,2404
Brock Purdy,2023,1,4280
Jordan Love,2023,1,4159
C.J. Stroud,2023,1,4108
Sam Howell,2023,1,3946
Bryce Young,2023,1,2877
Desmond Ridder,2023,1,2836
Justin Fields,2023,1,2562
Joshua Dobbs,2023,1,2464
